frame.number,frame.time,frame.time_delta,,frame.len,mac-lte.rnti,mac-lte.direction
1,Aug 13 2019 19:24:04.113785000 MST,0,0,22,2,1
2,Aug 13 2019 19:24:04.123924000 MST,0.010139,0.010139,22,70,0
3,Aug 13 2019 19:24:04.137998000 MST,0.014074,0.024213,56,70,1
4,Aug 13 2019 19:24:04.168868000 MST,0.03087,0.055083,172,70,0
5,Aug 13 2019 19:24:04.169879000 MST,0.001011,0.056094,76,70,1
6,Aug 13 2019 19:24:04.188889000 MST,0.01901,0.075104,548,70,0
7,Aug 13 2019 19:24:04.328906000 MST,0.140017,0.215121,548,70,0
8,Aug 13 2019 19:24:04.329857000 MST,0.000951,0.216072,47,70,1
9,Aug 13 2019 19:24:04.330971000 MST,0.001114,0.217186,43,70,1
10,Aug 13 2019 19:24:04.348944000 MST,0.017973,0.235159,548,70,0
11,Aug 13 2019 19:24:04.349956000 MST,0.001012,0.236171,41,70,1
12,Aug 13 2019 19:24:04.368996000 MST,0.01904,0.255211,532,70,0
13,Aug 13 2019 19:24:04.369799000 MST,0.000803,0.256014,22,70,1
14,Aug 13 2019 19:24:04.370867000 MST,0.001068,0.257082,33,70,1
15,Aug 13 2019 19:24:04.388871000 MST,0.018004,0.275086,532,70,0
16,Aug 13 2019 19:24:04.389887000 MST,0.001016,0.276102,120,70,1
17,Aug 13 2019 19:24:04.390940000 MST,0.001053,0.277155,120,70,1
18,Aug 13 2019 19:24:04.408922000 MST,0.017982,0.295137,548,70,0
19,Aug 13 2019 19:24:04.409914000 MST,0.000992,0.296129,22,70,1
20,Aug 13 2019 19:24:04.428974000 MST,0.01906,0.315189,548,70,0
21,Aug 13 2019 19:24:04.429824000 MST,0.00085,0.316039,22,70,1
22,Aug 13 2019 19:24:04.593914000 MST,0.16409,0.480129,72,70,1
23,Aug 13 2019 19:24:04.608891000 MST,0.014977,0.495106,548,70,0
24,Aug 13 2019 19:24:04.949025000 MST,0.340134,0.83524,532,70,0
25,Aug 13 2019 19:24:04.961904000 MST,0.012879,0.848119,100,70,1
26,Aug 13 2019 19:24:04.968853000 MST,0.006949,0.855068,548,70,0
27,Aug 13 2019 19:24:04.988925000 MST,0.020072,0.87514,548,70,0
28,Aug 13 2019 19:24:05.005912000 MST,0.016987,0.892127,72,70,1
29,Aug 13 2019 19:24:05.007886000 MST,0.001974,0.894101,200,70,1
30,Aug 13 2019 19:24:05.029932000 MST,0.022046,0.916147,3077,70,1
31,Aug 13 2019 19:24:05.048950000 MST,0.019018,0.935165,548,70,0
32,Aug 13 2019 19:24:05.061010000 MST,0.01206,0.947225,88,70,1
33,Aug 13 2019 19:24:05.061970000 MST,0.00096,0.948185,88,70,1
34,Aug 13 2019 19:24:05.069058000 MST,0.007088,0.955273,548,70,0
35,Aug 13 2019 19:24:05.081874000 MST,0.012816,0.968089,364,70,1
36,Aug 13 2019 19:24:05.089029000 MST,0.007155,0.975244,548,70,0
37,Aug 13 2019 19:24:05.097891000 MST,0.008862,0.984106,548,70,0
38,Aug 13 2019 19:24:05.101890000 MST,0.003999,0.988105,72,70,1
39,Aug 13 2019 19:24:05.102946000 MST,0.001056,0.989161,160,70,1
40,Aug 13 2019 19:24:05.107026000 MST,0.00408,0.993241,790,70,0
41,Aug 13 2019 19:24:05.110962000 MST,0.003936,0.997177,72,70,1
42,Aug 13 2019 19:24:05.111854000 MST,0.000892,0.998069,240,70,1
43,Aug 13 2019 19:24:05.122837000 MST,0.010983,1.009052,72,70,1
44,Aug 13 2019 19:24:05.145906000 MST,0.023069,1.032121,188,70,1
45,Aug 13 2019 19:24:05.147868000 MST,0.001962,1.034083,240,70,1
46,Aug 13 2019 19:24:05.149000000 MST,0.001132,1.035215,548,70,0
47,Aug 13 2019 19:24:05.168857000 MST,0.019857,1.055072,548,70,0
48,Aug 13 2019 19:24:05.180858000 MST,0.012001,1.067073,72,70,1
49,Aug 13 2019 19:24:05.188852000 MST,0.007994,1.075067,548,70,0
50,Aug 13 2019 19:24:05.200963000 MST,0.012111,1.087178,88,70,1
51,Aug 13 2019 19:24:05.201799000 MST,0.000836,1.088014,72,70,1
52,Aug 13 2019 19:24:05.208952000 MST,0.007153,1.095167,548,70,0
53,Aug 13 2019 19:24:05.228999000 MST,0.020047,1.115214,548,70,0
54,Aug 13 2019 19:24:05.237830000 MST,0.008831,1.124045,128,70,0
55,Aug 13 2019 19:24:05.241884000 MST,0.004054,1.128099,72,70,1
56,Aug 13 2019 19:24:05.250930000 MST,0.009046,1.137145,308,70,1
57,Aug 13 2019 19:24:05.267794000 MST,0.016864,1.154009,3837,70,1
58,Aug 13 2019 19:24:05.288960000 MST,0.021166,1.175175,548,70,0
59,Aug 13 2019 19:24:05.309099000 MST,0.020139,1.195314,548,70,0
60,Aug 13 2019 19:24:05.321901000 MST,0.012802,1.208116,128,70,1
61,Aug 13 2019 19:24:05.348909000 MST,0.027008,1.235124,548,70,0
62,Aug 13 2019 19:24:05.358235000 MST,0.009326,1.24445,1635,70,0
63,Aug 13 2019 19:24:05.370885000 MST,0.01265,1.2571,72,70,1
64,Aug 13 2019 19:24:05.408829000 MST,0.037944,1.295044,1851,70,1
65,Aug 13 2019 19:24:05.429080000 MST,0.020251,1.315295,548,70,0
66,Aug 13 2019 19:24:05.468912000 MST,0.039832,1.355127,548,70,0
67,Aug 13 2019 19:24:05.688866000 MST,0.219954,1.575081,548,70,0
68,Aug 13 2019 19:24:05.701798000 MST,0.012932,1.588013,88,70,1
69,Aug 13 2019 19:24:05.728997000 MST,0.027199,1.615212,548,70,0
70,Aug 13 2019 19:24:05.982861000 MST,0.253864,1.869076,1398,70,1
71,Aug 13 2019 19:24:06.008953000 MST,0.026092,1.895168,548,70,0
72,Aug 13 2019 19:24:06.021882000 MST,0.012929,1.908097,1851,70,1
73,Aug 13 2019 19:24:06.048878000 MST,0.026996,1.935093,548,70,0
74,Aug 13 2019 19:24:06.061809000 MST,0.012931,1.948024,420,70,1
75,Aug 13 2019 19:24:06.088977000 MST,0.027168,1.975192,548,70,0
76,Aug 13 2019 19:24:06.104891000 MST,0.015914,1.991106,72,70,1
77,Aug 13 2019 19:24:06.127781000 MST,0.02289,2.013996,308,70,1
78,Aug 13 2019 19:24:06.128898000 MST,0.001117,2.015113,548,70,0
79,Aug 13 2019 19:24:06.148951000 MST,0.020053,2.035166,548,70,0
80,Aug 13 2019 19:24:06.164867000 MST,0.015916,2.051082,88,70,1
81,Aug 13 2019 19:24:06.168802000 MST,0.003935,2.055017,548,70,0
82,Aug 13 2019 19:24:06.185822000 MST,0.01702,2.072037,72,70,1
83,Aug 13 2019 19:24:06.188849000 MST,0.003027,2.075064,548,70,0
84,Aug 13 2019 19:24:06.207819000 MST,0.01897,2.094034,340,70,1
85,Aug 13 2019 19:24:06.208891000 MST,0.001072,2.095106,548,70,0
86,Aug 13 2019 19:24:06.221833000 MST,0.012942,2.108048,72,70,1
87,Aug 13 2019 19:24:06.248840000 MST,0.027007,2.135055,548,70,0
88,Aug 13 2019 19:24:06.249864000 MST,0.001024,2.136079,3837,70,1
89,Aug 13 2019 19:24:06.260916000 MST,0.011052,2.147131,88,70,1
90,Aug 13 2019 19:24:06.268921000 MST,0.008005,2.155136,548,70,0
91,Aug 13 2019 19:24:06.288963000 MST,0.020042,2.175178,548,70,0
92,Aug 13 2019 19:24:06.309011000 MST,0.020048,2.195226,548,70,0
93,Aug 13 2019 19:24:06.321915000 MST,0.012904,2.20813,188,70,1
94,Aug 13 2019 19:24:06.348851000 MST,0.026936,2.235066,2976,70,1
95,Aug 13 2019 19:24:06.368971000 MST,0.02012,2.255186,548,70,0
96,Aug 13 2019 19:24:06.378030000 MST,0.009059,2.264245,1707,70,0
97,Aug 13 2019 19:24:06.379004000 MST,0.000974,2.265219,1707,70,0
98,Aug 13 2019 19:24:06.379977000 MST,0.000973,2.266192,660,70,0
99,Aug 13 2019 19:24:06.386968000 MST,0.006991,2.273183,1707,70,0
100,Aug 13 2019 19:24:06.388060000 MST,0.001092,2.274275,1707,70,0
101,Aug 13 2019 19:24:06.390920000 MST,0.00286,2.277135,72,70,1
102,Aug 13 2019 19:24:06.392845000 MST,0.001925,2.27906,72,70,1
103,Aug 13 2019 19:24:06.408879000 MST,0.016034,2.295094,548,70,0
104,Aug 13 2019 19:24:06.421832000 MST,0.012953,2.308047,128,70,1
105,Aug 13 2019 19:24:06.468914000 MST,0.047082,2.355129,548,70,0
106,Aug 13 2019 19:24:06.478048000 MST,0.009134,2.364263,1707,70,0
107,Aug 13 2019 19:24:06.479075000 MST,0.001027,2.36529,1707,70,0
108,Aug 13 2019 19:24:06.479987000 MST,0.000912,2.366202,1707,70,0
109,Aug 13 2019 19:24:06.481036000 MST,0.001049,2.367251,1542,70,0
110,Aug 13 2019 19:24:06.482236000 MST,0.0012,2.368451,1707,70,0
111,Aug 13 2019 19:24:06.483017000 MST,0.000781,2.369232,1707,70,0
112,Aug 13 2019 19:24:06.484071000 MST,0.001054,2.370286,1707,70,0
113,Aug 13 2019 19:24:06.484791000 MST,0.00072,2.371006,404,70,0
114,Aug 13 2019 19:24:06.487061000 MST,0.00227,2.373276,1707,70,0
115,Aug 13 2019 19:24:06.487964000 MST,0.000903,2.374179,1707,70,0
116,Aug 13 2019 19:24:06.489050000 MST,0.001086,2.375265,1707,70,0
117,Aug 13 2019 19:24:06.490122000 MST,0.001072,2.376337,1707,70,0
118,Aug 13 2019 19:24:06.490142000 MST,0.00002,2.376357,72,70,1
119,Aug 13 2019 19:24:06.491067000 MST,0.000925,2.377282,1707,70,0
120,Aug 13 2019 19:24:06.492108000 MST,0.001041,2.378323,72,70,1
121,Aug 13 2019 19:24:06.492108000 MST,0,2.378323,1707,70,0
122,Aug 13 2019 19:24:06.493118000 MST,0.00101,2.379333,72,70,1
123,Aug 13 2019 19:24:06.493128000 MST,0.00001,2.379343,1707,70,0
124,Aug 13 2019 19:24:06.494931000 MST,0.001803,2.381146,72,70,1
125,Aug 13 2019 19:24:06.496827000 MST,0.001896,2.383042,72,70,1
126,Aug 13 2019 19:24:06.509017000 MST,0.01219,2.395232,548,70,0
127,Aug 13 2019 19:24:06.510996000 MST,0.001979,2.397211,732,70,1
128,Aug 13 2019 19:24:06.511971000 MST,0.000975,2.398186,108,70,1
129,Aug 13 2019 19:24:06.517996000 MST,0.006025,2.404211,1707,70,0
130,Aug 13 2019 19:24:06.519077000 MST,0.001081,2.405292,1707,70,0
131,Aug 13 2019 19:24:06.520164000 MST,0.001087,2.406379,1707,70,0
132,Aug 13 2019 19:24:06.520829000 MST,0.000665,2.407044,452,70,0
133,Aug 13 2019 19:24:06.526989000 MST,0.00616,2.413204,1707,70,0
134,Aug 13 2019 19:24:06.528001000 MST,0.001012,2.414216,1707,70,0
135,Aug 13 2019 19:24:06.528905000 MST,0.000904,2.41512,1707,70,0
136,Aug 13 2019 19:24:06.529968000 MST,0.001063,2.416183,1446,70,0
137,Aug 13 2019 19:24:06.530929000 MST,0.000961,2.417144,72,70,1
138,Aug 13 2019 19:24:06.531804000 MST,0.000875,2.418019,72,70,1
139,Aug 13 2019 19:24:06.538914000 MST,0.00711,2.425129,72,70,1
140,Aug 13 2019 19:24:06.548895000 MST,0.009981,2.43511,548,70,0
141,Aug 13 2019 19:24:06.628921000 MST,0.080026,2.515136,548,70,0
142,Aug 13 2019 19:24:06.638043000 MST,0.009122,2.524258,1707,70,0
143,Aug 13 2019 19:24:06.638879000 MST,0.000836,2.525094,1707,70,0
144,Aug 13 2019 19:24:06.639844000 MST,0.000965,2.526059,47,70,0
145,Aug 13 2019 19:24:06.646901000 MST,0.007057,2.533116,1707,70,0
146,Aug 13 2019 19:24:06.650842000 MST,0.003941,2.537057,72,70,1
147,Aug 13 2019 19:24:06.655849000 MST,0.005007,2.542064,72,70,1
148,Aug 13 2019 19:24:06.656903000 MST,0.001054,2.543118,1158,70,1
149,Aug 13 2019 19:24:06.708900000 MST,0.051997,2.595115,548,70,0
150,Aug 13 2019 19:24:06.786907000 MST,0.078007,2.673122,708,70,1
151,Aug 13 2019 19:24:06.828842000 MST,0.041935,2.715057,548,70,0
152,Aug 13 2019 19:24:06.888873000 MST,0.060031,2.775088,548,70,0
153,Aug 13 2019 19:24:06.897982000 MST,0.009109,2.784197,1707,70,0
154,Aug 13 2019 19:24:06.899007000 MST,0.001025,2.785222,1707,70,0
155,Aug 13 2019 19:24:06.899963000 MST,0.000956,2.786178,1707,70,0
156,Aug 13 2019 19:24:06.900960000 MST,0.000997,2.787175,1446,70,0
157,Aug 13 2019 19:24:06.906998000 MST,0.006038,2.793213,1707,70,0
158,Aug 13 2019 19:24:06.907928000 MST,0.00093,2.794143,1707,70,0
159,Aug 13 2019 19:24:06.908932000 MST,0.001004,2.795147,1707,70,0
160,Aug 13 2019 19:24:06.909923000 MST,0.000991,2.796138,72,70,1
161,Aug 13 2019 19:24:06.911825000 MST,0.001902,2.79804,188,70,1
162,Aug 13 2019 19:24:06.912880000 MST,0.001055,2.799095,72,70,1
163,Aug 13 2019 19:24:06.919889000 MST,0.007009,2.806104,88,70,1
164,Aug 13 2019 19:24:06.949005000 MST,0.029116,2.83522,548,70,0
165,Aug 13 2019 19:24:06.961910000 MST,0.012905,2.848125,136,70,1
166,Aug 13 2019 19:24:06.988887000 MST,0.026977,2.875102,548,70,0
167,Aug 13 2019 19:24:06.988933000 MST,0.000046,2.875148,2976,70,1
168,Aug 13 2019 19:24:07.001827000 MST,0.012894,2.888042,72,70,1
169,Aug 13 2019 19:24:07.008928000 MST,0.007101,2.895143,548,70,0
170,Aug 13 2019 19:24:07.028779000 MST,0.019851,2.914994,3837,70,1
171,Aug 13 2019 19:24:07.033949000 MST,0.00517,2.920164,708,70,1
172,Aug 13 2019 19:24:07.034819000 MST,0.00087,2.921034,108,70,1
173,Aug 13 2019 19:24:07.048864000 MST,0.014045,2.935079,548,70,0
174,Aug 13 2019 19:24:07.061832000 MST,0.012968,2.948047,128,70,1
175,Aug 13 2019 19:24:07.068952000 MST,0.00712,2.955167,548,70,0
176,Aug 13 2019 19:24:07.088972000 MST,0.02002,2.975187,548,70,0
177,Aug 13 2019 19:24:07.097951000 MST,0.008979,2.984166,1707,70,0
178,Aug 13 2019 19:24:07.098968000 MST,0.001017,2.985183,1707,70,0
179,Aug 13 2019 19:24:07.100065000 MST,0.001097,2.98628,1707,70,0
180,Aug 13 2019 19:24:07.100946000 MST,0.000881,2.987161,1542,70,0
181,Aug 13 2019 19:24:07.101957000 MST,0.001011,2.988172,982,70,0
182,Aug 13 2019 19:24:07.106965000 MST,0.005008,2.99318,1707,70,0
183,Aug 13 2019 19:24:07.108038000 MST,0.001073,2.994253,1707,70,0
184,Aug 13 2019 19:24:07.108888000 MST,0.00085,2.995103,1707,70,0
185,Aug 13 2019 19:24:07.110973000 MST,0.002085,2.997188,72,70,1
186,Aug 13 2019 19:24:07.112884000 MST,0.001911,2.999099,128,70,1
187,Aug 13 2019 19:24:07.128894000 MST,0.01601,3.015109,548,70,0
188,Aug 13 2019 19:24:07.141822000 MST,0.012928,3.028037,364,70,1
189,Aug 13 2019 19:24:07.147852000 MST,0.00603,3.034067,732,70,1
190,Aug 13 2019 19:24:07.148894000 MST,0.001042,3.035109,108,70,1
191,Aug 13 2019 19:24:07.168804000 MST,0.01991,3.055019,548,70,0
192,Aug 13 2019 19:24:07.184915000 MST,0.016111,3.07113,72,70,1
193,Aug 13 2019 19:24:07.213858000 MST,0.028943,3.100073,1206,70,1
194,Aug 13 2019 19:24:07.248840000 MST,0.034982,3.135055,548,70,0
195,Aug 13 2019 19:24:07.257991000 MST,0.009151,3.144206,1707,70,0
196,Aug 13 2019 19:24:07.259069000 MST,0.001078,3.145284,1707,70,0
197,Aug 13 2019 19:24:07.259950000 MST,0.000881,3.146165,1707,70,0
198,Aug 13 2019 19:24:07.261015000 MST,0.001065,3.14723,1542,70,0
199,Aug 13 2019 19:24:07.262147000 MST,0.001132,3.148362,1707,70,0
200,Aug 13 2019 19:24:07.262929000 MST,0.000782,3.149144,1707,70,0
201,Aug 13 2019 19:24:07.264054000 MST,0.001125,3.150269,1707,70,0
202,Aug 13 2019 19:24:07.264948000 MST,0.000894,3.151163,404,70,0
203,Aug 13 2019 19:24:07.267058000 MST,0.00211,3.153273,1707,70,0
204,Aug 13 2019 19:24:07.267950000 MST,0.000892,3.154165,1707,70,0
205,Aug 13 2019 19:24:07.268954000 MST,0.001004,3.155169,1707,70,0
206,Aug 13 2019 19:24:07.270052000 MST,0.001098,3.156267,1707,70,0
207,Aug 13 2019 19:24:07.270094000 MST,0.000042,3.156309,128,70,1
208,Aug 13 2019 19:24:07.270955000 MST,0.000861,3.15717,1707,70,0
209,Aug 13 2019 19:24:07.270979000 MST,0.000024,3.157194,72,70,1
210,Aug 13 2019 19:24:07.272019000 MST,0.00104,3.158234,1707,70,0
211,Aug 13 2019 19:24:07.272048000 MST,0.000029,3.158263,72,70,1
212,Aug 13 2019 19:24:07.273058000 MST,0.00101,3.159273,1707,70,0
213,Aug 13 2019 19:24:07.273079000 MST,0.000021,3.159294,72,70,1
214,Aug 13 2019 19:24:07.273792000 MST,0.000713,3.160007,128,70,1
215,Aug 13 2019 19:24:07.274867000 MST,0.001075,3.161082,72,70,1
216,Aug 13 2019 19:24:07.275944000 MST,0.001077,3.162159,72,70,1
217,Aug 13 2019 19:24:07.276850000 MST,0.000906,3.163065,72,70,1
218,Aug 13 2019 19:24:07.288922000 MST,0.012072,3.175137,548,70,0
219,Aug 13 2019 19:24:07.298123000 MST,0.009201,3.184338,1707,70,0
220,Aug 13 2019 19:24:07.299059000 MST,0.000936,3.185274,1707,70,0
221,Aug 13 2019 19:24:07.300038000 MST,0.000979,3.186253,1707,70,0
222,Aug 13 2019 19:24:07.300983000 MST,0.000945,3.187198,1542,70,0
223,Aug 13 2019 19:24:07.302009000 MST,0.001026,3.188224,1707,70,0
224,Aug 13 2019 19:24:07.302938000 MST,0.000929,3.189153,548,70,0
225,Aug 13 2019 19:24:07.306984000 MST,0.004046,3.193199,1707,70,0
226,Aug 13 2019 19:24:07.308047000 MST,0.001063,3.194262,1707,70,0
227,Aug 13 2019 19:24:07.309095000 MST,0.001048,3.19531,1707,70,0
228,Aug 13 2019 19:24:07.310106000 MST,0.001011,3.196321,1707,70,0
229,Aug 13 2019 19:24:07.310116000 MST,0.00001,3.196331,72,70,1
230,Aug 13 2019 19:24:07.311176000 MST,0.00106,3.197391,1707,70,0
231,Aug 13 2019 19:24:07.311206000 MST,0.00003,3.197421,72,70,1
232,Aug 13 2019 19:24:07.311977000 MST,0.000771,3.198192,1707,70,0
233,Aug 13 2019 19:24:07.312037000 MST,0.00006,3.198252,128,70,1
234,Aug 13 2019 19:24:07.312879000 MST,0.000842,3.199094,208,70,0
235,Aug 13 2019 19:24:07.313902000 MST,0.001023,3.200117,72,70,1
236,Aug 13 2019 19:24:07.315974000 MST,0.002072,3.202189,1707,70,0
237,Aug 13 2019 19:24:07.317052000 MST,0.001078,3.203267,1707,70,0
238,Aug 13 2019 19:24:07.317898000 MST,0.000846,3.204113,72,70,1
239,Aug 13 2019 19:24:07.318920000 MST,0.001022,3.205135,886,70,0
240,Aug 13 2019 19:24:07.318948000 MST,0.000028,3.205163,72,70,1
241,Aug 13 2019 19:24:07.320085000 MST,0.001137,3.2063,1707,70,0
242,Aug 13 2019 19:24:07.320112000 MST,0.000027,3.206327,128,70,1
243,Aug 13 2019 19:24:07.320948000 MST,0.000836,3.207163,1542,70,0
244,Aug 13 2019 19:24:07.320991000 MST,0.000043,3.207206,72,70,1
245,Aug 13 2019 19:24:07.322045000 MST,0.001054,3.20826,1078,70,0
246,Aug 13 2019 19:24:07.322100000 MST,0.000055,3.208315,72,70,1
247,Aug 13 2019 19:24:07.323951000 MST,0.001851,3.210166,188,70,1
248,Aug 13 2019 19:24:07.328000000 MST,0.004049,3.214215,128,70,1
249,Aug 13 2019 19:24:07.367837000 MST,0.039837,3.254052,950,70,1
250,Aug 13 2019 19:24:07.388855000 MST,0.021018,3.27507,548,70,0
251,Aug 13 2019 19:24:07.508951000 MST,0.120096,3.395166,548,70,0
252,Aug 13 2019 19:24:07.525959000 MST,0.017008,3.412174,72,70,1
253,Aug 13 2019 19:24:07.546863000 MST,0.020904,3.433078,364,70,1
254,Aug 13 2019 19:24:07.589035000 MST,0.042172,3.47525,548,70,0
255,Aug 13 2019 19:24:07.601898000 MST,0.012863,3.488113,88,70,1
256,Aug 13 2019 19:24:07.628900000 MST,0.027002,3.515115,548,70,0
257,Aug 13 2019 19:24:07.641818000 MST,0.012918,3.528033,72,70,1
258,Aug 13 2019 19:24:07.667886000 MST,0.026068,3.554101,2784,70,1
259,Aug 13 2019 19:24:07.669851000 MST,0.001965,3.556066,1206,70,1
260,Aug 13 2019 19:24:07.708916000 MST,0.039065,3.595131,548,70,0
261,Aug 13 2019 19:24:07.729824000 MST,0.020908,3.616039,822,70,1
262,Aug 13 2019 19:24:07.730862000 MST,0.001038,3.617077,108,70,1
263,Aug 13 2019 19:24:07.748868000 MST,0.018006,3.635083,548,70,0
264,Aug 13 2019 19:24:07.761896000 MST,0.013028,3.648111,588,70,1
265,Aug 13 2019 19:24:07.768868000 MST,0.006972,3.655083,548,70,0
266,Aug 13 2019 19:24:07.788913000 MST,0.020045,3.675128,548,70,0
267,Aug 13 2019 19:24:07.798080000 MST,0.009167,3.684295,1707,70,0
268,Aug 13 2019 19:24:07.798957000 MST,0.000877,3.685172,1707,70,0
269,Aug 13 2019 19:24:07.799988000 MST,0.001031,3.686203,1707,70,0
270,Aug 13 2019 19:24:07.800905000 MST,0.000917,3.68712,1542,70,0
271,Aug 13 2019 19:24:07.801958000 MST,0.001053,3.688173,1707,70,0
272,Aug 13 2019 19:24:07.802911000 MST,0.000953,3.689126,548,70,0
273,Aug 13 2019 19:24:07.806923000 MST,0.004012,3.693138,1707,70,0
274,Aug 13 2019 19:24:07.808003000 MST,0.00108,3.694218,1707,70,0
275,Aug 13 2019 19:24:07.809027000 MST,0.001024,3.695242,1707,70,0
276,Aug 13 2019 19:24:07.809969000 MST,0.000942,3.696184,1707,70,0
277,Aug 13 2019 19:24:07.810000000 MST,0.000031,3.696215,72,70,1
278,Aug 13 2019 19:24:07.811747000 MST,0.001747,3.697962,72,70,1
279,Aug 13 2019 19:24:07.812813000 MST,0.001066,3.699028,72,70,1
280,Aug 13 2019 19:24:07.813910000 MST,0.001097,3.700125,72,70,1
281,Aug 13 2019 19:24:08.094782000 MST,0.280872,3.980997,588,70,1
282,Aug 13 2019 19:24:08.128892000 MST,0.03411,4.015107,548,70,0
283,Aug 13 2019 19:24:08.179802000 MST,0.05091,4.066017,72,70,1
284,Aug 13 2019 19:24:08.208898000 MST,0.029096,4.095113,548,70,0
285,Aug 13 2019 19:24:08.220965000 MST,0.012067,4.10718,188,70,1
286,Aug 13 2019 19:24:08.248896000 MST,0.027931,4.135111,548,70,0
287,Aug 13 2019 19:24:08.288915000 MST,0.040019,4.17513,548,70,0
288,Aug 13 2019 19:24:08.301847000 MST,0.012932,4.188062,364,70,1
289,Aug 13 2019 19:24:08.328836000 MST,0.026989,4.215051,548,70,0
290,Aug 13 2019 19:24:08.348881000 MST,0.020045,4.235096,548,70,0
291,Aug 13 2019 19:24:08.361817000 MST,0.012936,4.248032,88,70,1
292,Aug 13 2019 19:24:08.388808000 MST,0.026991,4.275023,548,70,0
293,Aug 13 2019 19:24:08.401933000 MST,0.013125,4.288148,72,70,1
294,Aug 13 2019 19:24:08.428974000 MST,0.027041,4.315189,2784,70,1
295,Aug 13 2019 19:24:08.429988000 MST,0.001014,4.316203,1302,70,1
296,Aug 13 2019 19:24:08.468852000 MST,0.038864,4.355067,548,70,0
297,Aug 13 2019 19:24:08.508998000 MST,0.040146,4.395213,548,70,0
298,Aug 13 2019 19:24:08.521886000 MST,0.012888,4.408101,364,70,1
299,Aug 13 2019 19:24:08.568925000 MST,0.047039,4.45514,548,70,0
300,Aug 13 2019 19:24:08.621973000 MST,0.053048,4.508188,72,70,1
301,Aug 13 2019 19:24:13.669041000 MST,5.047068,9.555256,548,70,0
302,Aug 13 2019 19:24:13.681889000 MST,0.012848,9.568104,200,70,1
303,Aug 13 2019 19:24:13.708974000 MST,0.027085,9.595189,548,70,0
304,Aug 13 2019 19:24:13.728997000 MST,0.020023,9.615212,548,70,0
305,Aug 13 2019 19:24:13.768801000 MST,0.039804,9.655016,88,70,1
306,Aug 13 2019 19:24:13.808999000 MST,0.040198,9.695214,548,70,0
307,Aug 13 2019 19:24:13.817884000 MST,0.008885,9.704099,128,70,0
308,Aug 13 2019 19:24:13.857936000 MST,0.040052,9.744151,284,70,1
309,Aug 13 2019 19:24:13.888866000 MST,0.03093,9.775081,548,70,0
310,Aug 13 2019 19:24:13.931884000 MST,0.043018,9.818099,72,70,1
311,Aug 13 2019 19:24:13.968814000 MST,0.03693,9.855029,548,70,0
312,Aug 13 2019 19:24:14.008869000 MST,0.040055,9.895084,160,70,1
313,Aug 13 2019 19:24:14.011921000 MST,0.003052,9.898136,388,70,1
314,Aug 13 2019 19:24:14.013860000 MST,0.001939,9.900075,3557,70,1
315,Aug 13 2019 19:24:14.048856000 MST,0.034996,9.935071,548,70,0
316,Aug 13 2019 19:24:14.088994000 MST,0.040138,9.975209,548,70,0
317,Aug 13 2019 19:24:14.148919000 MST,0.059925,10.035134,548,70,0
318,Aug 13 2019 19:24:14.191834000 MST,0.042915,10.078049,72,70,1
319,Aug 13 2019 19:24:14.228939000 MST,0.037105,10.115154,548,70,0
320,Aug 13 2019 19:24:14.267937000 MST,0.038998,10.154152,72,70,1
321,Aug 13 2019 19:24:28.908829000 MST,14.640892,24.795044,548,70,0
322,Aug 13 2019 19:24:28.920859000 MST,0.01203,24.807074,72,70,1
323,Aug 13 2019 19:24:29.946749000 MST,1.02589,25.832964,532,70,1
324,Aug 13 2019 19:24:29.988862000 MST,0.042113,25.875077,548,70,0
325,Aug 13 2019 19:24:30.408823000 MST,0.419961,26.295038,548,70,0
326,Aug 13 2019 19:24:30.428920000 MST,0.020097,26.315135,548,70,0
327,Aug 13 2019 19:24:30.472800000 MST,0.04388,26.359015,88,70,1
328,Aug 13 2019 19:24:30.488854000 MST,0.016054,26.375069,548,70,0
329,Aug 13 2019 19:24:30.492880000 MST,0.004026,26.379095,88,70,1
330,Aug 13 2019 19:24:30.504723000 MST,0.011843,26.390938,72,70,1
331,Aug 13 2019 19:24:30.508892000 MST,0.004169,26.395107,548,70,0
332,Aug 13 2019 19:24:30.536858000 MST,0.027966,26.423073,308,70,1
333,Aug 13 2019 19:24:30.568886000 MST,0.032028,26.455101,548,70,0
334,Aug 13 2019 19:24:30.573887000 MST,0.005001,26.460102,284,70,1
335,Aug 13 2019 19:24:30.579907000 MST,0.00602,26.466122,612,70,1
336,Aug 13 2019 19:24:30.580888000 MST,0.000981,26.467103,88,70,1
337,Aug 13 2019 19:24:30.586874000 MST,0.005986,26.473089,176,70,1
338,Aug 13 2019 19:24:30.609023000 MST,0.022149,26.495238,548,70,0
339,Aug 13 2019 19:24:30.617959000 MST,0.008936,26.504174,1398,70,0
340,Aug 13 2019 19:24:30.630927000 MST,0.012968,26.517142,72,70,1
341,Aug 13 2019 19:24:30.636735000 MST,0.005808,26.52295,232,70,1
342,Aug 13 2019 19:24:30.637803000 MST,0.001068,26.524018,88,70,1
343,Aug 13 2019 19:24:30.656791000 MST,0.018988,26.543006,2784,70,1
344,Aug 13 2019 19:24:30.658726000 MST,0.001935,26.544941,1254,70,1
345,Aug 13 2019 19:24:30.668952000 MST,0.010226,26.555167,548,70,0
346,Aug 13 2019 19:24:30.677803000 MST,0.008851,26.564018,300,70,0
347,Aug 13 2019 19:24:30.681831000 MST,0.004028,26.568046,72,70,1
348,Aug 13 2019 19:24:30.685735000 MST,0.003904,26.57195,308,70,1
349,Aug 13 2019 19:24:30.686872000 MST,0.001137,26.573087,588,70,0
350,Aug 13 2019 19:24:30.690883000 MST,0.004011,26.577098,388,70,1
351,Aug 13 2019 19:24:30.695945000 MST,0.005062,26.58216,886,70,0
352,Aug 13 2019 19:24:30.708778000 MST,0.012833,26.594993,364,70,1
353,Aug 13 2019 19:24:30.728899000 MST,0.020121,26.615114,548,70,0
354,Aug 13 2019 19:24:30.738036000 MST,0.009137,26.624251,1398,70,0
355,Aug 13 2019 19:24:30.775870000 MST,0.037834,26.662085,72,70,1
356,Aug 13 2019 19:24:30.790756000 MST,0.014886,26.676971,72,70,1
357,Aug 13 2019 19:24:30.801777000 MST,0.011021,26.687992,72,70,1
358,Aug 13 2019 19:24:30.827870000 MST,0.026093,26.714085,188,70,1
359,Aug 13 2019 19:24:30.838871000 MST,0.011001,26.725086,764,70,1
360,Aug 13 2019 19:24:30.839770000 MST,0.000899,26.725985,108,70,1
361,Aug 13 2019 19:24:30.843827000 MST,0.004057,26.730042,188,70,1
362,Aug 13 2019 19:24:30.848863000 MST,0.005036,26.735078,548,70,0
363,Aug 13 2019 19:24:30.868884000 MST,0.020021,26.755099,548,70,0
364,Aug 13 2019 19:24:30.877940000 MST,0.009056,26.764155,500,70,0
365,Aug 13 2019 19:24:30.886784000 MST,0.008844,26.772999,732,70,0
366,Aug 13 2019 19:24:30.903801000 MST,0.017017,26.790016,72,70,1
367,Aug 13 2019 19:24:30.934841000 MST,0.03104,26.821056,176,70,1
368,Aug 13 2019 19:24:30.968757000 MST,0.033916,26.854972,548,70,0
369,Aug 13 2019 19:24:30.981868000 MST,0.013111,26.868083,88,70,1
370,Aug 13 2019 19:24:31.008851000 MST,0.026983,26.895066,548,70,0
371,Aug 13 2019 19:24:31.021830000 MST,0.012979,26.908045,72,70,1
372,Aug 13 2019 19:24:31.023714000 MST,0.001884,26.909929,950,70,1
373,Aug 13 2019 19:24:31.027883000 MST,0.004169,26.914098,886,70,1
374,Aug 13 2019 19:24:31.028886000 MST,0.001003,26.915101,612,70,1
375,Aug 13 2019 19:24:31.033854000 MST,0.004968,26.920069,612,70,1
376,Aug 13 2019 19:24:31.047881000 MST,0.014027,26.934096,2400,70,1
377,Aug 13 2019 19:24:31.048724000 MST,0.000843,26.934939,78,70,1
378,Aug 13 2019 19:24:31.068829000 MST,0.020105,26.955044,548,70,0
379,Aug 13 2019 19:24:31.077905000 MST,0.009076,26.96412,404,70,0
380,Aug 13 2019 19:24:31.086926000 MST,0.009021,26.973141,660,70,0
381,Aug 13 2019 19:24:31.099885000 MST,0.012959,26.9861,364,70,1
382,Aug 13 2019 19:24:31.128818000 MST,0.028933,27.015033,548,70,0
383,Aug 13 2019 19:24:31.142789000 MST,0.013971,27.029004,1078,70,1
384,Aug 13 2019 19:24:31.143861000 MST,0.001072,27.030076,108,70,1
385,Aug 13 2019 19:24:31.188771000 MST,0.04491,27.074986,548,70,0
386,Aug 13 2019 19:24:31.265777000 MST,0.077006,27.151992,72,70,1
387,Aug 13 2019 19:24:31.277823000 MST,0.012046,27.164038,72,70,1
388,Aug 13 2019 19:24:31.329831000 MST,0.052008,27.216046,88,70,1
389,Aug 13 2019 19:24:31.348822000 MST,0.018991,27.235037,548,70,0
390,Aug 13 2019 19:24:31.357903000 MST,0.009081,27.244118,208,70,0
391,Aug 13 2019 19:24:31.498877000 MST,0.140974,27.385092,284,70,1
392,Aug 13 2019 19:24:31.528916000 MST,0.030039,27.415131,548,70,0
393,Aug 13 2019 19:24:31.548797000 MST,0.019881,27.435012,548,70,0
394,Aug 13 2019 19:24:31.557881000 MST,0.009084,27.444096,732,70,0
395,Aug 13 2019 19:24:31.621858000 MST,0.063977,27.508073,72,70,1
396,Aug 13 2019 19:24:31.627886000 MST,0.006028,27.514101,176,70,1
397,Aug 13 2019 19:24:31.668934000 MST,0.041048,27.555149,548,70,0
398,Aug 13 2019 19:24:31.703829000 MST,0.034895,27.590044,136,70,1
399,Aug 13 2019 19:24:31.728898000 MST,0.025069,27.615113,548,70,0
400,Aug 13 2019 19:24:31.779793000 MST,0.050895,27.666008,72,70,1
401,Aug 13 2019 19:24:32.828809000 MST,1.049016,28.715024,548,70,0
402,Aug 13 2019 19:24:32.892764000 MST,0.063955,28.778979,72,70,1
403,Aug 13 2019 19:24:32.897758000 MST,0.004994,28.783973,176,70,1
404,Aug 13 2019 19:24:32.928862000 MST,0.031104,28.815077,548,70,0
405,Aug 13 2019 19:24:33.035799000 MST,0.106937,28.922014,72,70,1
406,Aug 13 2019 19:24:34.968954000 MST,1.933155,30.855169,548,70,0
407,Aug 13 2019 19:24:35.033845000 MST,0.064891,30.92006,88,70,1
408,Aug 13 2019 19:24:35.068861000 MST,0.035016,30.955076,548,70,0
409,Aug 13 2019 19:24:35.133740000 MST,0.064879,31.019955,308,70,1
410,Aug 13 2019 19:24:35.168924000 MST,0.035184,31.055139,548,70,0
411,Aug 13 2019 19:24:35.276776000 MST,0.107852,31.162991,72,70,1
412,Aug 13 2019 19:24:36.168918000 MST,0.892142,32.055133,548,70,0
413,Aug 13 2019 19:24:36.308848000 MST,0.13993,32.195063,72,70,1
414,Aug 13 2019 19:24:36.322838000 MST,0.01399,32.209053,88,70,1
415,Aug 13 2019 19:24:36.328798000 MST,0.00596,32.215013,548,70,0
416,Aug 13 2019 19:24:36.348826000 MST,0.020028,32.235041,548,70,0
417,Aug 13 2019 19:24:36.502748000 MST,0.153922,32.388963,284,70,1
418,Aug 13 2019 19:24:36.510780000 MST,0.008032,32.396995,612,70,1
419,Aug 13 2019 19:24:36.528918000 MST,0.018138,32.415133,548,70,0
420,Aug 13 2019 19:24:36.548783000 MST,0.019865,32.434998,548,70,0
421,Aug 13 2019 19:24:36.557836000 MST,0.009053,32.444051,208,70,0
422,Aug 13 2019 19:24:36.713756000 MST,0.15592,32.599971,1446,70,1
423,Aug 13 2019 19:24:36.723860000 MST,0.010104,32.610075,612,70,1
424,Aug 13 2019 19:24:36.748935000 MST,0.025075,32.63515,548,70,0
425,Aug 13 2019 19:24:36.768821000 MST,0.019886,32.655036,548,70,0
426,Aug 13 2019 19:24:36.832775000 MST,0.063954,32.71899,72,70,1
427,Aug 13 2019 19:24:36.835819000 MST,0.003044,32.722034,256,70,1
428,Aug 13 2019 19:24:36.868922000 MST,0.033103,32.755137,548,70,0
429,Aug 13 2019 19:24:36.963750000 MST,0.094828,32.849965,72,70,1
430,Aug 13 2019 19:24:36.976841000 MST,0.013091,32.863056,72,70,1
431,Aug 13 2019 19:24:37.288856000 MST,0.312015,33.175071,548,70,0
432,Aug 13 2019 19:24:37.352824000 MST,0.063968,33.239039,72,70,1
433,Aug 13 2019 19:24:37.356731000 MST,0.003907,33.242946,208,70,1
434,Aug 13 2019 19:24:37.388927000 MST,0.032196,33.275142,548,70,0
435,Aug 13 2019 19:24:37.408800000 MST,0.019873,33.295015,548,70,0
436,Aug 13 2019 19:24:37.417962000 MST,0.009162,33.304177,1635,70,0
437,Aug 13 2019 19:24:37.448896000 MST,0.030934,33.335111,548,70,0
438,Aug 13 2019 19:24:37.472775000 MST,0.023879,33.35899,72,70,1
439,Aug 13 2019 19:24:37.476850000 MST,0.004075,33.363065,188,70,1
440,Aug 13 2019 19:24:37.481843000 MST,0.004993,33.368058,72,70,1
441,Aug 13 2019 19:24:37.485763000 MST,0.00392,33.371978,468,70,1
442,Aug 13 2019 19:24:37.486783000 MST,0.00102,33.372998,176,70,1
443,Aug 13 2019 19:24:37.487889000 MST,0.001106,33.374104,886,70,1
444,Aug 13 2019 19:24:37.508889000 MST,0.021,33.395104,548,70,0
445,Aug 13 2019 19:24:37.517938000 MST,0.009049,33.404153,500,70,0
446,Aug 13 2019 19:24:37.526791000 MST,0.008853,33.413006,732,70,0
447,Aug 13 2019 19:24:37.567719000 MST,0.040928,33.453934,72,70,1
448,Aug 13 2019 19:24:37.572830000 MST,0.005111,33.459045,1254,70,1
449,Aug 13 2019 19:24:37.590764000 MST,0.017934,33.476979,72,70,1
450,Aug 13 2019 19:24:37.608960000 MST,0.018196,33.495175,548,70,0
451,Aug 13 2019 19:24:37.988842000 MST,0.379882,33.875057,548,70,0
452,Aug 13 2019 19:24:38.004706000 MST,0.015864,33.890921,72,70,1
453,Aug 13 2019 19:24:38.025853000 MST,0.021147,33.912068,176,70,1
454,Aug 13 2019 19:24:38.048805000 MST,0.022952,33.93502,548,70,0
455,Aug 13 2019 19:24:38.060831000 MST,0.012026,33.947046,88,70,1
456,Aug 13 2019 19:24:38.088913000 MST,0.028082,33.975128,548,70,0
457,Aug 13 2019 19:24:38.097909000 MST,0.008996,33.984124,128,70,0
458,Aug 13 2019 19:24:38.110819000 MST,0.01291,33.997034,72,70,1
459,Aug 13 2019 19:24:38.136770000 MST,0.025951,34.022985,3437,70,1
460,Aug 13 2019 19:24:38.168969000 MST,0.032199,34.055184,548,70,0
461,Aug 13 2019 19:24:38.268854000 MST,0.099885,34.155069,548,70,0
462,Aug 13 2019 19:24:38.277930000 MST,0.009076,34.164145,1158,70,0
463,Aug 13 2019 19:24:38.280880000 MST,0.00295,34.167095,886,70,1
464,Aug 13 2019 19:24:38.281896000 MST,0.001016,34.168111,120,70,1
465,Aug 13 2019 19:24:38.289895000 MST,0.007999,34.17611,72,70,1
466,Aug 13 2019 19:24:38.308939000 MST,0.019044,34.195154,548,70,0
467,Aug 13 2019 19:24:38.320756000 MST,0.011817,34.206971,88,70,1
468,Aug 13 2019 19:24:38.327835000 MST,0.007079,34.21405,1254,70,1
469,Aug 13 2019 19:24:38.328748000 MST,0.000913,34.214963,532,70,1
470,Aug 13 2019 19:24:38.348865000 MST,0.020117,34.23508,548,70,0
471,Aug 13 2019 19:24:38.368877000 MST,0.020012,34.255092,548,70,0
472,Aug 13 2019 19:24:38.384765000 MST,0.015888,34.27098,72,70,1
473,Aug 13 2019 19:24:38.528903000 MST,0.144138,34.415118,548,70,0
474,Aug 13 2019 19:24:38.868934000 MST,0.340031,34.755149,548,70,0
475,Aug 13 2019 19:24:38.932899000 MST,0.063965,34.819114,88,70,1
476,Aug 13 2019 19:24:39.348830000 MST,0.415931,35.235045,548,70,0
477,Aug 13 2019 19:24:39.412800000 MST,0.06397,35.299015,128,70,1
478,Aug 13 2019 19:24:40.748942000 MST,1.336142,36.635157,548,70,0
479,Aug 13 2019 19:24:40.893866000 MST,0.144924,36.780081,72,70,1
480,Aug 13 2019 19:24:40.898783000 MST,0.004917,36.784998,72,70,1
481,Aug 13 2019 19:24:40.928862000 MST,0.030079,36.815077,548,70,0
482,Aug 13 2019 19:24:41.208882000 MST,0.28002,37.095097,548,70,0
483,Aug 13 2019 19:24:41.272795000 MST,0.063913,37.15901,72,70,1
484,Aug 13 2019 19:24:42.208792000 MST,0.935997,38.095007,548,70,0
485,Aug 13 2019 19:24:42.272781000 MST,0.063989,38.158996,612,70,1
486,Aug 13 2019 19:24:42.308856000 MST,0.036075,38.195071,548,70,0
487,Aug 13 2019 19:24:42.317905000 MST,0.009049,38.20412,268,70,0
488,Aug 13 2019 19:24:42.382788000 MST,0.064883,38.269003,660,70,1
489,Aug 13 2019 19:24:42.408756000 MST,0.025968,38.294971,548,70,0
490,Aug 13 2019 19:24:42.428793000 MST,0.020037,38.315008,548,70,0
491,Aug 13 2019 19:24:42.437961000 MST,0.009168,38.324176,1707,70,0
492,Aug 13 2019 19:24:42.438698000 MST,0.000737,38.324913,140,70,0
493,Aug 13 2019 19:24:42.502745000 MST,0.064047,38.38896,72,70,1
494,Aug 13 2019 19:24:42.503823000 MST,0.001078,38.390038,822,70,1
495,Aug 13 2019 19:24:42.548769000 MST,0.044946,38.434984,548,70,0
496,Aug 13 2019 19:24:44.888916000 MST,2.340147,40.775131,548,70,0
497,Aug 13 2019 19:24:44.901801000 MST,0.012885,40.788016,1158,70,1
498,Aug 13 2019 19:24:44.928825000 MST,0.027024,40.81504,548,70,0
499,Aug 13 2019 19:24:44.941723000 MST,0.012898,40.827938,1158,70,1
500,Aug 13 2019 19:24:44.944718000 MST,0.002995,40.830933,1158,70,1
501,Aug 13 2019 19:24:44.988792000 MST,0.044074,40.875007,548,70,0
502,Aug 13 2019 19:24:47.699897000 MST,2.711105,43.586112,148,70,1
503,Aug 13 2019 19:24:47.728828000 MST,0.028931,43.615043,548,70,0
504,Aug 13 2019 19:24:47.793737000 MST,0.064909,43.679952,72,70,1
505,Aug 13 2019 19:24:47.908734000 MST,0.114997,43.794949,548,70,0
506,Aug 13 2019 19:24:47.925761000 MST,0.017027,43.811976,72,70,1
507,Aug 13 2019 19:24:47.928786000 MST,0.003025,43.815001,548,70,0
508,Aug 13 2019 19:24:47.937852000 MST,0.009066,43.824067,548,70,0
509,Aug 13 2019 19:24:47.952723000 MST,0.014871,43.838938,72,70,1
510,Aug 13 2019 19:24:47.956766000 MST,0.004043,43.842981,200,70,1
511,Aug 13 2019 19:24:47.993886000 MST,0.03712,43.880101,1350,70,1
512,Aug 13 2019 19:24:48.008826000 MST,0.01494,43.895041,548,70,0
513,Aug 13 2019 19:24:48.020856000 MST,0.01203,43.907071,88,70,1
514,Aug 13 2019 19:24:48.028908000 MST,0.008052,43.915123,548,70,0
515,Aug 13 2019 19:24:48.048751000 MST,0.019843,43.934966,548,70,0
516,Aug 13 2019 19:24:48.057829000 MST,0.009078,43.944044,128,70,0
517,Aug 13 2019 19:24:48.070714000 MST,0.012885,43.956929,72,70,1
518,Aug 13 2019 19:24:48.097839000 MST,0.027125,43.984054,2688,70,1
519,Aug 13 2019 19:24:48.100857000 MST,0.003018,43.987072,1350,70,1
520,Aug 13 2019 19:24:48.101759000 MST,0.000902,43.987974,56,70,1
521,Aug 13 2019 19:24:48.128883000 MST,0.027124,44.015098,548,70,0
522,Aug 13 2019 19:24:48.168935000 MST,0.040052,44.05515,548,70,0
523,Aug 13 2019 19:24:48.178268000 MST,0.009333,44.064483,1635,70,0
524,Aug 13 2019 19:24:48.181800000 MST,0.003532,44.068015,764,70,1
525,Aug 13 2019 19:24:48.190887000 MST,0.009087,44.077102,72,70,1
526,Aug 13 2019 19:24:48.208922000 MST,0.018035,44.095137,548,70,0
527,Aug 13 2019 19:24:48.261834000 MST,0.052912,44.148049,72,70,1
528,Aug 13 2019 19:24:48.302763000 MST,0.040929,44.188978,1851,70,1
529,Aug 13 2019 19:24:48.303852000 MST,0.001089,44.190067,708,70,1
530,Aug 13 2019 19:24:48.328980000 MST,0.025128,44.215195,548,70,0
531,Aug 13 2019 19:24:48.348826000 MST,0.019846,44.235041,548,70,0
532,Aug 13 2019 19:24:48.360836000 MST,0.01201,44.247051,72,70,1
533,Aug 13 2019 19:24:48.388937000 MST,0.028101,44.275152,548,70,0
534,Aug 13 2019 19:24:48.397916000 MST,0.008979,44.284131,1158,70,0
535,Aug 13 2019 19:24:48.400743000 MST,0.002827,44.286958,72,70,1
536,Aug 13 2019 19:24:48.409801000 MST,0.009058,44.296016,128,70,1
537,Aug 13 2019 19:24:48.481832000 MST,0.072031,44.368047,1078,70,1
538,Aug 13 2019 19:24:48.508819000 MST,0.026987,44.395034,548,70,0
539,Aug 13 2019 19:24:48.520878000 MST,0.012059,44.407093,72,70,1
540,Aug 13 2019 19:24:48.728874000 MST,0.207996,44.615089,548,70,0
541,Aug 13 2019 19:24:48.792933000 MST,0.064059,44.679148,420,70,1
542,Aug 13 2019 19:24:48.793861000 MST,0.000928,44.680076,88,70,1
543,Aug 13 2019 19:24:48.829052000 MST,0.035191,44.715267,548,70,0
544,Aug 13 2019 19:24:48.893836000 MST,0.064784,44.780051,532,70,1
545,Aug 13 2019 19:24:48.928811000 MST,0.034975,44.815026,548,70,0
546,Aug 13 2019 19:24:48.948915000 MST,0.020104,44.83513,548,70,0
547,Aug 13 2019 19:24:48.957989000 MST,0.009074,44.844204,208,70,0
548,Aug 13 2019 19:24:48.988760000 MST,0.030771,44.874975,548,70,0
549,Aug 13 2019 19:24:49.022815000 MST,0.034055,44.90903,120,70,1
550,Aug 13 2019 19:24:49.048929000 MST,0.026114,44.935144,548,70,0
551,Aug 13 2019 19:24:49.108826000 MST,0.059897,44.995041,72,70,1
552,Aug 13 2019 19:24:50.008803000 MST,0.899977,45.895018,548,70,0
553,Aug 13 2019 19:24:50.072811000 MST,0.064008,45.959026,72,70,1
554,Aug 13 2019 19:24:50.388874000 MST,0.316063,46.275089,548,70,0
555,Aug 13 2019 19:24:50.453794000 MST,0.06492,46.340009,72,70,1
556,Aug 13 2019 19:24:53.408730000 MST,2.954936,49.294945,548,70,0
557,Aug 13 2019 19:24:53.472728000 MST,0.063998,49.358943,72,70,1
558,Aug 13 2019 19:24:57.428830000 MST,3.956102,53.315045,532,70,0
559,Aug 13 2019 19:24:57.492754000 MST,0.063924,53.378969,88,70,1
560,Aug 13 2019 19:24:57.528878000 MST,0.036124,53.415093,548,70,0
561,Aug 13 2019 19:24:57.536823000 MST,0.007945,53.423038,72,70,1
562,Aug 13 2019 19:24:57.537946000 MST,0.001123,53.424161,216,70,0
563,Aug 13 2019 19:24:57.602781000 MST,0.064835,53.488996,612,70,1
564,Aug 13 2019 19:24:57.628788000 MST,0.026007,53.515003,548,70,0
565,Aug 13 2019 19:24:57.648823000 MST,0.020035,53.535038,548,70,0
566,Aug 13 2019 19:24:57.657903000 MST,0.00908,53.544118,886,70,0
567,Aug 13 2019 19:24:57.723827000 MST,0.065924,53.610042,822,70,1
568,Aug 13 2019 19:24:57.748927000 MST,0.0251,53.635142,548,70,0
569,Aug 13 2019 19:24:57.875871000 MST,0.126944,53.762086,148,70,1
570,Aug 13 2019 19:24:57.908972000 MST,0.033101,53.795187,548,70,0
571,Aug 13 2019 19:24:57.968917000 MST,0.059945,53.855132,548,70,0
572,Aug 13 2019 19:24:57.972730000 MST,0.003813,53.858945,72,70,1
573,Aug 13 2019 19:24:57.981819000 MST,0.009089,53.868034,72,70,1
574,Aug 13 2019 19:24:58.008799000 MST,0.02698,53.895014,548,70,0
575,Aug 13 2019 19:25:03.048929000 MST,5.04013,58.935144,548,70,0
576,Aug 13 2019 19:25:03.060735000 MST,0.011806,58.94695,72,70,1
577,Aug 13 2019 19:25:07.928755000 MST,4.86802,63.81497,548,70,0
578,Aug 13 2019 19:25:07.992768000 MST,0.064013,63.878983,232,70,1
579,Aug 13 2019 19:25:07.993822000 MST,0.001054,63.880037,88,70,1
580,Aug 13 2019 19:25:08.008804000 MST,0.014982,63.895019,548,70,0
581,Aug 13 2019 19:25:08.021683000 MST,0.012879,63.907898,72,70,1
582,Aug 13 2019 19:25:08.028824000 MST,0.007141,63.915039,548,70,0
583,Aug 13 2019 19:25:08.037876000 MST,0.009052,63.924091,28,70,0
584,Aug 13 2019 19:25:08.046759000 MST,0.008883,63.932974,300,70,0
585,Aug 13 2019 19:25:08.102767000 MST,0.056008,63.988982,420,70,1
586,Aug 13 2019 19:25:08.128893000 MST,0.026126,64.015108,548,70,0
587,Aug 13 2019 19:25:08.137772000 MST,0.008879,64.023987,208,70,0
588,Aug 13 2019 19:25:08.168867000 MST,0.031095,64.055082,548,70,0
589,Aug 13 2019 19:25:08.202832000 MST,0.033965,64.089047,822,70,1
590,Aug 13 2019 19:25:08.229063000 MST,0.026231,64.115278,548,70,0
591,Aug 13 2019 19:25:08.292746000 MST,0.063683,64.178961,72,70,1
592,Aug 13 2019 19:25:09.188860000 MST,0.896114,65.075075,548,70,0
593,Aug 13 2019 19:25:09.253774000 MST,0.064914,65.139989,72,70,1
594,Aug 13 2019 19:25:10.268906000 MST,1.015132,66.155121,548,70,0
595,Aug 13 2019 19:25:10.333791000 MST,0.064885,66.220006,72,70,1
596,Aug 13 2019 19:25:13.368846000 MST,3.035055,69.255061,548,70,0
597,Aug 13 2019 19:25:13.432735000 MST,0.063889,69.31895,72,70,1
598,Aug 13 2019 19:25:20.388823000 MST,6.956088,76.275038,532,70,0
599,Aug 13 2019 19:25:20.453684000 MST,0.064861,76.339899,660,70,1
600,Aug 13 2019 19:25:20.488885000 MST,0.035201,76.3751,548,70,0
601,Aug 13 2019 19:25:20.497725000 MST,0.00884,76.38394,300,70,0
602,Aug 13 2019 19:25:20.562766000 MST,0.065041,76.448981,500,70,1
603,Aug 13 2019 19:25:20.588745000 MST,0.025979,76.47496,548,70,0
604,Aug 13 2019 19:25:20.597873000 MST,0.009128,76.484088,1158,70,0
605,Aug 13 2019 19:25:20.663728000 MST,0.065855,76.549943,886,70,1
606,Aug 13 2019 19:25:20.688842000 MST,0.025114,76.575057,548,70,0
607,Aug 13 2019 19:25:21.485794000 MST,0.796952,77.372009,148,70,1
608,Aug 13 2019 19:25:21.508772000 MST,0.022978,77.394987,548,70,0
609,Aug 13 2019 19:25:21.572709000 MST,0.063937,77.458924,72,70,1
610,Aug 13 2019 19:25:25.928697000 MST,4.355988,81.814912,548,70,0
611,Aug 13 2019 19:25:25.937722000 MST,0.009025,81.823937,88,70,0
612,Aug 13 2019 19:25:25.950626000 MST,0.012904,81.836841,88,70,1
613,Aug 13 2019 19:25:25.968786000 MST,0.01816,81.855001,548,70,0
614,Aug 13 2019 19:25:26.088706000 MST,0.11992,81.974921,548,70,0
615,Aug 13 2019 19:25:26.194768000 MST,0.106062,82.080983,72,70,1
616,Aug 13 2019 19:25:26.212709000 MST,0.017941,82.098924,232,70,1
617,Aug 13 2019 19:25:26.248803000 MST,0.036094,82.135018,548,70,0
618,Aug 13 2019 19:25:26.261652000 MST,0.012849,82.147867,72,70,1
619,Aug 13 2019 19:25:26.288711000 MST,0.027059,82.174926,548,70,0
620,Aug 13 2019 19:25:26.300722000 MST,0.012011,82.186937,72,70,1
621,Aug 13 2019 19:25:26.327650000 MST,0.026928,82.213865,308,70,1
622,Aug 13 2019 19:25:26.368727000 MST,0.041077,82.254942,548,70,0
623,Aug 13 2019 19:25:26.380749000 MST,0.012022,82.266964,88,70,1
624,Aug 13 2019 19:25:26.388764000 MST,0.008015,82.274979,548,70,0
625,Aug 13 2019 19:25:26.408827000 MST,0.020063,82.295042,548,70,0
626,Aug 13 2019 19:25:26.428670000 MST,0.019843,82.314885,548,70,0
627,Aug 13 2019 19:25:26.441771000 MST,0.013101,82.327986,72,70,1
628,Aug 13 2019 19:25:26.467666000 MST,0.025895,82.353881,3557,70,1
629,Aug 13 2019 19:25:26.468710000 MST,0.001044,82.354925,308,70,1
630,Aug 13 2019 19:25:26.488867000 MST,0.020157,82.375082,548,70,0
631,Aug 13 2019 19:25:26.508742000 MST,0.019875,82.394957,548,70,0
632,Aug 13 2019 19:25:26.521783000 MST,0.013041,82.407998,256,70,1
633,Aug 13 2019 19:25:26.528756000 MST,0.006973,82.414971,548,70,0
634,Aug 13 2019 19:25:26.541661000 MST,0.012905,82.427876,120,70,1
635,Aug 13 2019 19:25:26.548815000 MST,0.007154,82.43503,548,70,0
636,Aug 13 2019 19:25:26.564704000 MST,0.015889,82.450919,72,70,1
637,Aug 13 2019 19:25:26.608771000 MST,0.044067,82.494986,548,70,0
638,Aug 13 2019 19:25:29.088730000 MST,2.479959,84.974945,548,70,0
639,Aug 13 2019 19:25:29.152710000 MST,0.06398,85.038925,72,70,1
640,Aug 13 2019 19:25:31.128851000 MST,1.976141,87.015066,548,70,0
641,Aug 13 2019 19:25:31.193749000 MST,0.064898,87.079964,72,70,1
642,Aug 13 2019 19:25:35.128808000 MST,3.935059,91.015023,548,70,0
643,Aug 13 2019 19:25:35.192637000 MST,0.063829,91.078852,88,70,1
644,Aug 13 2019 19:25:35.194762000 MST,0.002125,91.080977,764,70,1
645,Aug 13 2019 19:25:35.228744000 MST,0.033982,91.114959,548,70,0
646,Aug 13 2019 19:25:35.237869000 MST,0.009125,91.124084,208,70,0
647,Aug 13 2019 19:25:35.302669000 MST,0.0648,91.188884,612,70,1
648,Aug 13 2019 19:25:35.328795000 MST,0.026126,91.21501,548,70,0
649,Aug 13 2019 19:25:35.348836000 MST,0.020041,91.235051,548,70,0
650,Aug 13 2019 19:25:35.357779000 MST,0.008943,91.243994,982,70,0
651,Aug 13 2019 19:25:35.368679000 MST,0.0109,91.254894,548,70,0
652,Aug 13 2019 19:25:35.412658000 MST,0.043979,91.298873,88,70,1
653,Aug 13 2019 19:25:35.422778000 MST,0.01012,91.308993,72,70,1
654,Aug 13 2019 19:25:35.423649000 MST,0.000871,91.309864,120,70,1
655,Aug 13 2019 19:25:35.468776000 MST,0.045127,91.354991,548,70,0
656,Aug 13 2019 19:25:35.476708000 MST,0.007932,91.362923,72,70,1
657,Aug 13 2019 19:25:36.564960000 MST,1.088252,92.451175,148,70,1
658,Aug 13 2019 19:25:36.589348000 MST,0.024388,92.475563,548,70,0
659,Aug 13 2019 19:25:36.654923000 MST,0.065575,92.541138,72,70,1
660,Aug 13 2019 19:25:37.588773000 MST,0.93385,93.474988,548,70,0
661,Aug 13 2019 19:25:37.653804000 MST,0.065031,93.540019,72,70,1
662,Aug 13 2019 19:25:41.888729000 MST,4.234925,97.774944,548,70,0
663,Aug 13 2019 19:25:41.900790000 MST,0.012061,97.787005,72,70,1
664,Aug 13 2019 19:25:42.928822000 MST,1.028032,98.815037,548,70,0
665,Aug 13 2019 19:25:43.036641000 MST,0.107819,98.922856,72,70,1
666,Aug 13 2019 19:25:46.368677000 MST,3.332036,102.254892,548,70,0
667,Aug 13 2019 19:25:46.380713000 MST,0.012036,102.266928,72,70,1
668,Aug 13 2019 19:25:46.408769000 MST,0.028056,102.294984,548,70,0
669,Aug 13 2019 19:25:48.928800000 MST,2.520031,104.815015,548,70,0
670,Aug 13 2019 19:25:48.992651000 MST,0.063851,104.878866,72,70,1
671,Aug 13 2019 19:25:51.948680000 MST,2.956029,107.834895,548,70,0
672,Aug 13 2019 19:25:52.012685000 MST,0.064005,107.8989,88,70,1
673,Aug 13 2019 19:25:52.048760000 MST,0.036075,107.934975,548,70,0
674,Aug 13 2019 19:25:52.052762000 MST,0.004002,107.938977,72,70,1
675,Aug 13 2019 19:25:52.057749000 MST,0.004987,107.943964,64,70,0
676,Aug 13 2019 19:25:52.122681000 MST,0.064932,108.008896,708,70,1
677,Aug 13 2019 19:25:52.148810000 MST,0.026129,108.035025,548,70,0
678,Aug 13 2019 19:25:52.157674000 MST,0.008864,108.043889,660,70,0
679,Aug 13 2019 19:25:52.188741000 MST,0.031067,108.074956,548,70,0
680,Aug 13 2019 19:25:52.223654000 MST,0.034913,108.109869,822,70,1
681,Aug 13 2019 19:25:52.248701000 MST,0.025047,108.134916,548,70,0
682,Aug 13 2019 19:25:52.306791000 MST,0.05809,108.193006,72,70,1
683,Aug 13 2019 19:25:52.688763000 MST,0.381972,108.574978,548,70,0
684,Aug 13 2019 19:25:52.752736000 MST,0.063973,108.638951,72,70,1
685,Aug 13 2019 19:25:59.338580000 MST,6.585844,115.224795,148,70,1
686,Aug 13 2019 19:25:59.368785000 MST,0.030205,115.255,548,70,0
687,Aug 13 2019 19:25:59.432673000 MST,0.063888,115.318888,72,70,1
688,Aug 13 2019 19:26:03.148796000 MST,3.716123,119.035011,548,70,0
689,Aug 13 2019 19:26:03.212738000 MST,0.063942,119.098953,72,70,1
690,Aug 13 2019 19:26:05.788780000 MST,2.576042,121.674995,548,70,0
691,Aug 13 2019 19:26:05.852565000 MST,0.063785,121.73878,72,70,1
692,Aug 13 2019 19:26:08.808633000 MST,2.956068,124.694848,548,70,0
693,Aug 13 2019 19:26:08.872696000 MST,0.064063,124.758911,950,70,1
694,Aug 13 2019 19:26:08.908705000 MST,0.036009,124.79492,548,70,0
695,Aug 13 2019 19:26:08.917701000 MST,0.008996,124.803916,172,70,0
696,Aug 13 2019 19:26:08.981735000 MST,0.064034,124.86795,708,70,1
697,Aug 13 2019 19:26:09.008776000 MST,0.027041,124.894991,548,70,0
698,Aug 13 2019 19:26:09.017694000 MST,0.008918,124.903909,1398,70,0
699,Aug 13 2019 19:26:09.082692000 MST,0.064998,124.968907,72,70,1
700,Aug 13 2019 19:26:09.083576000 MST,0.000884,124.969791,822,70,1
701,Aug 13 2019 19:26:09.128711000 MST,0.045135,125.014926,548,70,0
702,Aug 13 2019 19:26:10.438619000 MST,1.309908,126.324834,148,70,1
703,Aug 13 2019 19:26:10.468651000 MST,0.030032,126.354866,548,70,0
704,Aug 13 2019 19:26:10.532650000 MST,0.063999,126.418865,72,70,1
705,Aug 13 2019 19:26:11.508836000 MST,0.976186,127.395051,548,70,0
706,Aug 13 2019 19:26:11.616576000 MST,0.10774,127.502791,72,70,1
707,Aug 13 2019 19:26:13.528609000 MST,1.912033,129.414824,548,70,0
708,Aug 13 2019 19:26:13.592622000 MST,0.064013,129.478837,72,70,1
709,Aug 13 2019 19:26:16.768660000 MST,3.176038,132.654875,548,70,0
710,Aug 13 2019 19:26:16.832665000 MST,0.064005,132.71888,72,70,1
711,Aug 13 2019 19:26:21.757595000 MST,4.92493,137.64381,148,70,1
712,Aug 13 2019 19:26:21.788693000 MST,0.031098,137.674908,548,70,0
713,Aug 13 2019 19:26:21.852697000 MST,0.064004,137.738912,72,70,1
714,Aug 13 2019 19:26:25.808766000 MST,3.956069,141.694981,548,70,0
715,Aug 13 2019 19:26:25.872597000 MST,0.063831,141.758812,886,70,1
716,Aug 13 2019 19:26:25.873636000 MST,0.001039,141.759851,88,70,1
717,Aug 13 2019 19:26:25.908660000 MST,0.035024,141.794875,548,70,0
718,Aug 13 2019 19:26:25.917641000 MST,0.008981,141.803856,128,70,0
719,Aug 13 2019 19:26:25.981682000 MST,0.064041,141.867897,708,70,1
720,Aug 13 2019 19:26:26.008706000 MST,0.027024,141.894921,548,70,0
721,Aug 13 2019 19:26:26.017786000 MST,0.00908,141.904001,982,70,0
722,Aug 13 2019 19:26:26.048620000 MST,0.030834,141.934835,548,70,0
723,Aug 13 2019 19:26:26.082647000 MST,0.034027,141.968862,72,70,1
724,Aug 13 2019 19:26:26.083699000 MST,0.001052,141.969914,120,70,1
725,Aug 13 2019 19:26:26.128644000 MST,0.044945,142.014859,548,70,0
726,Aug 13 2019 19:26:26.166562000 MST,0.037918,142.052777,72,70,1
727,Aug 13 2019 19:26:28.048636000 MST,1.882074,143.934851,548,70,0
728,Aug 13 2019 19:26:28.088705000 MST,0.040069,143.97492,548,70,0
729,Aug 13 2019 19:26:28.112615000 MST,0.02391,143.99883,72,70,1
730,Aug 13 2019 19:26:28.152540000 MST,0.039925,144.038755,72,70,1
731,Aug 13 2019 19:26:32.817548000 MST,4.665008,148.703763,148,70,1
732,Aug 13 2019 19:26:32.848654000 MST,0.031106,148.734869,548,70,0
733,Aug 13 2019 19:26:32.912651000 MST,0.063997,148.798866,72,70,1
734,Aug 13 2019 19:26:36.148680000 MST,3.236029,152.034895,548,70,0
735,Aug 13 2019 19:26:36.212660000 MST,0.06398,152.098875,72,70,1
736,Aug 13 2019 19:26:37.848696000 MST,1.636036,153.734911,548,70,0
737,Aug 13 2019 19:26:37.912620000 MST,0.063924,153.798835,72,70,1
738,Aug 13 2019 19:26:42.040602000 MST,4.127982,157.926817,148,70,1
739,Aug 13 2019 19:26:42.068634000 MST,0.028032,157.954849,548,70,0
740,Aug 13 2019 19:26:42.132594000 MST,0.06396,158.018809,136,70,1
741,Aug 13 2019 19:26:42.168706000 MST,0.036112,158.054921,548,70,0
742,Aug 13 2019 19:26:42.174661000 MST,0.005955,158.060876,72,70,1
743,Aug 13 2019 19:26:42.177535000 MST,0.002874,158.06375,100,70,0
744,Aug 13 2019 19:26:42.242642000 MST,0.065107,158.128857,764,70,1
745,Aug 13 2019 19:26:42.268593000 MST,0.025951,158.154808,548,70,0
746,Aug 13 2019 19:26:42.288630000 MST,0.020037,158.174845,548,70,0
747,Aug 13 2019 19:26:42.297812000 MST,0.009182,158.184027,1398,70,0
748,Aug 13 2019 19:26:42.328557000 MST,0.030745,158.214772,548,70,0
749,Aug 13 2019 19:26:42.362585000 MST,0.034028,158.2488,72,70,1
750,Aug 13 2019 19:26:42.363638000 MST,0.001053,158.249853,822,70,1
751,Aug 13 2019 19:26:42.408568000 MST,0.04493,158.294783,548,70,0
752,Aug 13 2019 19:26:42.442606000 MST,0.034038,158.328821,72,70,1
753,Aug 13 2019 19:26:44.128584000 MST,1.685978,160.014799,548,70,0
754,Aug 13 2019 19:26:44.148661000 MST,0.020077,160.034876,548,70,0
755,Aug 13 2019 19:26:44.192586000 MST,0.043925,160.078801,72,70,1
756,Aug 13 2019 19:26:44.212637000 MST,0.020051,160.098852,72,70,1
757,Aug 13 2019 19:26:46.608716000 MST,2.396079,162.494931,548,70,0
758,Aug 13 2019 19:26:46.672527000 MST,0.063811,162.558742,72,70,1
759,Aug 13 2019 19:26:47.608786000 MST,0.936259,163.495001,548,70,0
760,Aug 13 2019 19:26:47.617549000 MST,0.008763,163.503764,43,70,0
761,Aug 13 2019 19:26:47.626631000 MST,0.009082,163.512846,300,70,0
762,Aug 13 2019 19:26:47.672512000 MST,0.045881,163.558727,72,70,1
763,Aug 13 2019 19:26:47.690693000 MST,0.018181,163.576908,72,70,1
764,Aug 13 2019 19:26:49.342500000 MST,1.651807,165.228715,148,70,1
765,Aug 13 2019 19:26:49.368654000 MST,0.026154,165.254869,548,70,0
766,Aug 13 2019 19:26:49.432633000 MST,0.063979,165.318848,72,70,1
767,Aug 13 2019 19:26:57.259634000 MST,7.827001,173.145849,148,70,1
768,Aug 13 2019 19:26:57.288583000 MST,0.028949,173.174798,548,70,0
769,Aug 13 2019 19:26:57.352586000 MST,0.064003,173.238801,72,70,1
770,Aug 13 2019 19:26:58.288584000 MST,0.935998,174.174799,548,70,0
771,Aug 13 2019 19:26:58.352617000 MST,0.064033,174.238832,1158,70,1
772,Aug 13 2019 19:26:58.353496000 MST,0.000879,174.239711,88,70,1
773,Aug 13 2019 19:26:58.388674000 MST,0.035178,174.274889,548,70,0
774,Aug 13 2019 19:26:58.397549000 MST,0.008875,174.283764,268,70,0
775,Aug 13 2019 19:26:58.462606000 MST,0.065057,174.348821,822,70,1
776,Aug 13 2019 19:26:58.488573000 MST,0.025967,174.374788,548,70,0
777,Aug 13 2019 19:26:58.508636000 MST,0.020063,174.394851,548,70,0
778,Aug 13 2019 19:26:58.517793000 MST,0.009157,174.404008,1635,70,0
779,Aug 13 2019 19:26:58.583608000 MST,0.065815,174.469823,72,70,1
780,Aug 13 2019 19:26:58.584492000 MST,0.000884,174.470707,822,70,1
781,Aug 13 2019 19:26:58.628563000 MST,0.044071,174.514778,548,70,0
782,Aug 13 2019 19:26:59.328688000 MST,0.700125,175.214903,548,70,0
783,Aug 13 2019 19:26:59.434550000 MST,0.105862,175.320765,72,70,1
784,Aug 13 2019 19:27:00.368598000 MST,0.934048,176.254813,548,70,0
785,Aug 13 2019 19:27:00.432596000 MST,0.063998,176.318811,72,70,1
786,Aug 13 2019 19:27:07.388640000 MST,6.956044,183.274855,548,70,0
787,Aug 13 2019 19:27:07.452623000 MST,0.063983,183.338838,72,70,1
788,Aug 13 2019 19:27:07.781566000 MST,0.328943,183.667781,148,70,1
789,Aug 13 2019 19:27:07.808632000 MST,0.027066,183.694847,548,70,0
790,Aug 13 2019 19:27:07.872604000 MST,0.063972,183.758819,72,70,1
791,Aug 13 2019 19:27:14.028616000 MST,6.156012,189.914831,548,70,0
792,Aug 13 2019 19:27:14.093460000 MST,0.064844,189.979675,72,70,1
793,Aug 13 2019 19:27:15.028730000 MST,0.93527,190.914945,548,70,0
794,Aug 13 2019 19:27:15.093595000 MST,0.064865,190.97981,1078,70,1
795,Aug 13 2019 19:27:15.128682000 MST,0.035087,191.014897,532,70,0
796,Aug 13 2019 19:27:15.137526000 MST,0.008844,191.023741,208,70,0
797,Aug 13 2019 19:27:15.207605000 MST,0.070079,191.09382,764,70,1
798,Aug 13 2019 19:27:15.228592000 MST,0.020987,191.114807,548,70,0
799,Aug 13 2019 19:27:15.248603000 MST,0.020011,191.134818,548,70,0
800,Aug 13 2019 19:27:15.257699000 MST,0.009096,191.143914,708,70,0
801,Aug 13 2019 19:27:15.323619000 MST,0.06592,191.209834,148,70,1
802,Aug 13 2019 19:27:15.348531000 MST,0.024912,191.234746,548,70,0
803,Aug 13 2019 19:27:17.288535000 MST,1.940004,193.17475,532,70,0
804,Aug 13 2019 19:27:17.400658000 MST,0.112123,193.286873,72,70,1
805,Aug 13 2019 19:27:19.528637000 MST,2.127979,195.414852,532,70,0
806,Aug 13 2019 19:27:19.592578000 MST,0.063941,195.478793,72,70,1
807,Aug 13 2019 19:27:26.548600000 MST,6.956022,202.434815,548,70,0
808,Aug 13 2019 19:27:26.612428000 MST,0.063828,202.498643,72,70,1
809,Aug 13 2019 19:27:31.568553000 MST,4.956125,207.454768,548,70,0
810,Aug 13 2019 19:27:31.622653000 MST,0.0541,207.508868,148,70,1
811,Aug 13 2019 19:27:31.632528000 MST,0.009875,207.518743,88,70,1
812,Aug 13 2019 19:27:31.648651000 MST,0.016123,207.534866,548,70,0
813,Aug 13 2019 19:27:31.668569000 MST,0.019918,207.554784,548,70,0
814,Aug 13 2019 19:27:31.676587000 MST,0.008018,207.562802,72,70,1
815,Aug 13 2019 19:27:31.677628000 MST,0.001041,207.563843,140,70,0
816,Aug 13 2019 19:27:31.713590000 MST,0.035962,207.599805,72,70,1
817,Aug 13 2019 19:27:31.741622000 MST,0.028032,207.627837,660,70,1
818,Aug 13 2019 19:27:31.768718000 MST,0.027096,207.654933,548,70,0
819,Aug 13 2019 19:27:31.777602000 MST,0.008884,207.663817,660,70,0
820,Aug 13 2019 19:27:31.843457000 MST,0.065855,207.729672,886,70,1
821,Aug 13 2019 19:27:31.868533000 MST,0.025076,207.754748,548,70,0
822,Aug 13 2019 19:27:33.828580000 MST,1.960047,209.714795,548,70,0
823,Aug 13 2019 19:27:33.935538000 MST,0.106958,209.821753,72,70,1
824,Aug 13 2019 19:27:35.828585000 MST,1.893047,211.7148,548,70,0
825,Aug 13 2019 19:27:35.892586000 MST,0.064001,211.778801,72,70,1
826,Aug 13 2019 19:27:35.893462000 MST,0.000876,211.779677,176,70,1
827,Aug 13 2019 19:27:35.968580000 MST,0.075118,211.854795,548,70,0
828,Aug 13 2019 19:27:37.428660000 MST,1.46008,213.314875,548,70,0
829,Aug 13 2019 19:27:37.492455000 MST,0.063795,213.37867,72,70,1
830,Aug 13 2019 19:27:43.808508000 MST,6.316053,219.694723,548,70,0
831,Aug 13 2019 19:27:43.872496000 MST,0.063988,219.758711,72,70,1
832,Aug 13 2019 19:27:45.808565000 MST,1.936069,221.69478,548,70,0
833,Aug 13 2019 19:27:45.875506000 MST,0.066941,221.761721,72,70,1
834,Aug 13 2019 19:27:47.808574000 MST,1.933068,223.694789,548,70,0
835,Aug 13 2019 19:27:47.872468000 MST,0.063894,223.758683,886,70,1
836,Aug 13 2019 19:27:47.908659000 MST,0.036191,223.794874,548,70,0
837,Aug 13 2019 19:27:47.917617000 MST,0.008958,223.803832,404,70,0
838,Aug 13 2019 19:27:47.982485000 MST,0.064868,223.8687,588,70,1
839,Aug 13 2019 19:27:48.028505000 MST,0.04602,223.91472,548,70,0
840,Aug 13 2019 19:27:48.037612000 MST,0.009107,223.923827,1398,70,0
841,Aug 13 2019 19:27:48.103540000 MST,0.065928,223.989755,918,70,1
842,Aug 13 2019 19:27:48.128553000 MST,0.025013,224.014768,548,70,0
843,Aug 13 2019 19:27:49.136486000 MST,1.007933,225.022701,148,70,1
844,Aug 13 2019 19:27:49.168467000 MST,0.031981,225.054682,548,70,0
845,Aug 13 2019 19:27:49.280458000 MST,0.111991,225.166673,72,70,1
846,Aug 13 2019 19:27:54.168473000 MST,4.888015,230.054688,548,70,0
847,Aug 13 2019 19:27:54.278466000 MST,0.109993,230.164681,72,70,1
848,Aug 13 2019 19:27:54.788600000 MST,0.510134,230.674815,548,70,0
849,Aug 13 2019 19:27:54.852430000 MST,0.06383,230.738645,72,70,1
850,Aug 13 2019 19:28:00.548522000 MST,5.696092,236.434737,548,70,0
851,Aug 13 2019 19:28:00.612499000 MST,0.063977,236.498714,72,70,1
852,Aug 13 2019 19:28:04.568532000 MST,3.956033,240.454747,548,70,0
853,Aug 13 2019 19:28:04.632371000 MST,0.063839,240.518586,918,70,1
854,Aug 13 2019 19:28:04.633468000 MST,0.001097,240.519683,88,70,1
855,Aug 13 2019 19:28:04.668433000 MST,0.034965,240.554648,548,70,0
856,Aug 13 2019 19:28:04.677482000 MST,0.009049,240.563697,268,70,0
857,Aug 13 2019 19:28:04.742383000 MST,0.064901,240.628598,764,70,1
858,Aug 13 2019 19:28:04.768495000 MST,0.026112,240.65471,548,70,0
859,Aug 13 2019 19:28:04.777602000 MST,0.009107,240.663817,1158,70,0
860,Aug 13 2019 19:28:04.808428000 MST,0.030826,240.694643,548,70,0
861,Aug 13 2019 19:28:04.842444000 MST,0.034016,240.728659,72,70,1
862,Aug 13 2019 19:28:04.844398000 MST,0.001954,240.730613,886,70,1
863,Aug 13 2019 19:28:04.888438000 MST,0.04404,240.774653,548,70,0
864,Aug 13 2019 19:28:04.921388000 MST,0.03295,240.807603,72,70,1
865,Aug 13 2019 19:28:05.103432000 MST,0.182044,240.989647,72,70,1
866,Aug 13 2019 19:28:05.168447000 MST,0.065015,241.054662,548,70,0
867,Aug 13 2019 19:28:05.256451000 MST,0.088004,241.142666,72,70,1
868,Aug 13 2019 19:28:05.328503000 MST,0.072052,241.214718,548,70,0
869,Aug 13 2019 19:28:05.415359000 MST,0.086856,241.301574,72,70,1
870,Aug 13 2019 19:28:05.488522000 MST,0.073163,241.374737,548,70,0
871,Aug 13 2019 19:28:05.878446000 MST,0.389924,241.764661,148,70,1
872,Aug 13 2019 19:28:05.908481000 MST,0.030035,241.794696,548,70,0
873,Aug 13 2019 19:28:05.972487000 MST,0.064006,241.858702,72,70,1
874,Aug 13 2019 19:28:06.665352000 MST,0.692865,242.551567,72,70,1
875,Aug 13 2019 19:28:06.728573000 MST,0.063221,242.614788,548,70,0
876,Aug 13 2019 19:28:07.732481000 MST,1.003908,243.618696,72,70,1
877,Aug 13 2019 19:28:07.808425000 MST,0.075944,243.69464,548,70,0
878,Aug 13 2019 19:28:08.524466000 MST,0.716041,244.410681,200,70,1
879,Aug 13 2019 19:28:08.588575000 MST,0.064109,244.47479,548,70,0
880,Aug 13 2019 19:28:08.600486000 MST,0.011911,244.486701,64,70,1
881,Aug 13 2019 19:28:10.468470000 MST,1.867984,246.354685,548,70,0
882,Aug 13 2019 19:28:10.532452000 MST,0.063982,246.418667,72,70,1
883,Aug 13 2019 19:28:15.068496000 MST,4.536044,250.954711,548,70,0
884,Aug 13 2019 19:28:15.137482000 MST,0.068986,251.023697,72,70,1
885,Aug 13 2019 19:28:21.018395000 MST,5.880913,256.90461,148,70,1
886,Aug 13 2019 19:28:21.048423000 MST,0.030028,256.934638,548,70,0
887,Aug 13 2019 19:28:21.112435000 MST,0.064012,256.99865,1302,70,1
888,Aug 13 2019 19:28:21.148496000 MST,0.036061,257.034711,548,70,0
889,Aug 13 2019 19:28:21.157359000 MST,0.008863,257.043574,216,70,0
890,Aug 13 2019 19:28:21.166406000 MST,0.009047,257.052621,500,70,0
891,Aug 13 2019 19:28:21.222438000 MST,0.056032,257.108653,822,70,1
892,Aug 13 2019 19:28:21.268439000 MST,0.046001,257.154654,548,70,0
893,Aug 13 2019 19:28:21.277546000 MST,0.009107,257.163761,1158,70,0
894,Aug 13 2019 19:28:21.328430000 MST,0.050884,257.214645,548,70,0
895,Aug 13 2019 19:28:21.342380000 MST,0.01395,257.228595,72,70,1
896,Aug 13 2019 19:28:21.343444000 MST,0.001064,257.229659,886,70,1
897,Aug 13 2019 19:28:21.388419000 MST,0.044975,257.274634,548,70,0
898,Aug 13 2019 19:28:21.438369000 MST,0.04995,257.324584,72,70,1
899,Aug 13 2019 19:28:23.368507000 MST,1.930138,259.254722,548,70,0
900,Aug 13 2019 19:28:23.432332000 MST,0.063825,259.318547,72,70,1
901,Aug 13 2019 19:28:24.368502000 MST,0.93617,260.254717,548,70,0
902,Aug 13 2019 19:28:24.432340000 MST,0.063838,260.318555,72,70,1
903,Aug 13 2019 19:28:30.843412000 MST,6.411072,266.729627,72,70,1
904,Aug 13 2019 19:28:30.908413000 MST,0.065001,266.794628,548,70,0
905,Aug 13 2019 19:28:31.144372000 MST,0.235959,267.030587,72,70,1
906,Aug 13 2019 19:28:31.208431000 MST,0.064059,267.094646,548,70,0
907,Aug 13 2019 19:28:32.488500000 MST,1.280069,268.374715,548,70,0
908,Aug 13 2019 19:28:32.501347000 MST,0.012847,268.387562,88,70,1
909,Aug 13 2019 19:28:32.528519000 MST,0.027172,268.414734,548,70,0
910,Aug 13 2019 19:28:32.781309000 MST,0.25279,268.667524,1350,70,1
911,Aug 13 2019 19:28:32.808600000 MST,0.027291,268.694815,548,70,0
912,Aug 13 2019 19:28:32.821421000 MST,0.012821,268.707636,1851,70,1
913,Aug 13 2019 19:28:32.848605000 MST,0.027184,268.73482,548,70,0
914,Aug 13 2019 19:28:32.861364000 MST,0.012759,268.747579,420,70,1
915,Aug 13 2019 19:28:32.888493000 MST,0.027129,268.774708,548,70,0
916,Aug 13 2019 19:28:32.903407000 MST,0.014914,268.789622,340,70,1
917,Aug 13 2019 19:28:32.928636000 MST,0.025229,268.814851,548,70,0
918,Aug 13 2019 19:28:32.928685000 MST,0.000049,268.8149,364,70,1
919,Aug 13 2019 19:28:32.948577000 MST,0.019892,268.834792,548,70,0
920,Aug 13 2019 19:28:32.968606000 MST,0.020029,268.854821,548,70,0
921,Aug 13 2019 19:28:32.981505000 MST,0.012899,268.86772,88,70,1
922,Aug 13 2019 19:28:33.008612000 MST,0.027107,268.894827,548,70,0
923,Aug 13 2019 19:28:33.021387000 MST,0.012775,268.907602,72,70,1
924,Aug 13 2019 19:28:33.049429000 MST,0.028042,268.935644,3837,70,1
925,Aug 13 2019 19:28:33.088545000 MST,0.039116,268.97476,548,70,0
926,Aug 13 2019 19:28:33.108423000 MST,0.019878,268.994638,548,70,0
927,Aug 13 2019 19:28:33.121412000 MST,0.012989,269.007627,364,70,1
928,Aug 13 2019 19:28:33.148496000 MST,0.027084,269.034711,548,70,0
929,Aug 13 2019 19:28:33.165448000 MST,0.016952,269.051663,72,70,1
930,Aug 13 2019 19:28:33.168526000 MST,0.003078,269.054741,548,70,0
931,Aug 13 2019 19:28:33.177359000 MST,0.008833,269.063574,372,70,0
932,Aug 13 2019 19:28:33.189398000 MST,0.012039,269.075613,72,70,1
933,Aug 13 2019 19:28:33.328424000 MST,0.139026,269.214639,708,70,1
934,Aug 13 2019 19:28:33.368546000 MST,0.040122,269.254761,548,70,0
935,Aug 13 2019 19:28:33.381417000 MST,0.012871,269.267632,72,70,1
936,Aug 13 2019 19:28:35.808552000 MST,2.427135,271.694767,548,70,0
937,Aug 13 2019 19:28:35.872366000 MST,0.063814,271.758581,72,70,1
938,Aug 13 2019 19:28:37.808572000 MST,1.936206,273.694787,532,70,0
939,Aug 13 2019 19:28:37.872356000 MST,0.063784,273.758571,886,70,1
940,Aug 13 2019 19:28:37.908520000 MST,0.036164,273.794735,548,70,0
941,Aug 13 2019 19:28:37.917476000 MST,0.008956,273.803691,268,70,0
942,Aug 13 2019 19:28:37.982353000 MST,0.064877,273.868568,612,70,1
943,Aug 13 2019 19:28:38.008514000 MST,0.026161,273.894729,548,70,0
944,Aug 13 2019 19:28:38.017565000 MST,0.009051,273.90378,1158,70,0
945,Aug 13 2019 19:28:38.082427000 MST,0.064862,273.968642,72,70,1
946,Aug 13 2019 19:28:38.083439000 MST,0.001012,273.969654,148,70,1
947,Aug 13 2019 19:28:38.128417000 MST,0.044978,274.014632,532,70,0
948,Aug 13 2019 19:28:38.282397000 MST,0.15398,274.168612,148,70,1
949,Aug 13 2019 19:28:38.308499000 MST,0.026102,274.194714,548,70,0
950,Aug 13 2019 19:28:38.330474000 MST,0.021975,274.216689,188,70,1
951,Aug 13 2019 19:28:38.368554000 MST,0.03808,274.254769,532,70,0
952,Aug 13 2019 19:28:38.372326000 MST,0.003772,274.258541,72,70,1
953,Aug 13 2019 19:28:38.380387000 MST,0.008061,274.266602,72,70,1
954,Aug 13 2019 19:28:40.148482000 MST,1.768095,276.034697,548,70,0
955,Aug 13 2019 19:28:40.259540000 MST,0.111058,276.145755,72,70,1
956,Aug 13 2019 19:28:41.288505000 MST,1.028965,277.17472,548,70,0
957,Aug 13 2019 19:28:41.352499000 MST,0.063994,277.238714,72,70,1
958,Aug 13 2019 19:28:44.288485000 MST,2.935986,280.1747,532,70,0
959,Aug 13 2019 19:28:44.352497000 MST,0.064012,280.238712,72,70,1
960,Aug 13 2019 19:28:45.836489000 MST,1.483992,281.722704,148,70,1
961,Aug 13 2019 19:28:45.868564000 MST,0.032075,281.754779,420,70,0
962,Aug 13 2019 19:28:45.932466000 MST,0.063902,281.818681,72,70,1
963,Aug 13 2019 19:28:47.348483000 MST,1.416017,283.234698,548,70,0
964,Aug 13 2019 19:28:47.412577000 MST,0.064094,283.298792,72,70,1
965,Aug 13 2019 19:28:47.948526000 MST,0.535949,283.834741,548,70,0
966,Aug 13 2019 19:28:47.960414000 MST,0.011888,283.846629,72,70,1
967,Aug 13 2019 19:28:47.995394000 MST,0.03498,283.881609,72,70,1
968,Aug 13 2019 19:28:48.068548000 MST,0.073154,283.954763,548,70,0
969,Aug 13 2019 19:28:48.484464000 MST,0.415916,284.370679,188,70,1
970,Aug 13 2019 19:28:48.508442000 MST,0.023978,284.394657,548,70,0
971,Aug 13 2019 19:28:48.520481000 MST,0.012039,284.406696,72,70,1
972,Aug 13 2019 19:28:52.988475000 MST,4.467994,288.87469,548,70,0
973,Aug 13 2019 19:28:53.000536000 MST,0.012061,288.886751,72,70,1
974,Aug 13 2019 19:28:53.028617000 MST,0.028081,288.914832,532,70,0
975,Aug 13 2019 19:28:54.368425000 MST,1.339808,290.25464,548,70,0
976,Aug 13 2019 19:28:54.433296000 MST,0.064871,290.319511,88,70,1
977,Aug 13 2019 19:28:54.468494000 MST,0.035198,290.354709,548,70,0
978,Aug 13 2019 19:28:54.477347000 MST,0.008853,290.363562,308,70,0
979,Aug 13 2019 19:28:54.479425000 MST,0.002078,290.36564,72,70,1
980,Aug 13 2019 19:28:54.542415000 MST,0.06299,290.42863,708,70,1
981,Aug 13 2019 19:28:54.568422000 MST,0.026007,290.454637,548,70,0
982,Aug 13 2019 19:28:54.577471000 MST,0.009049,290.463686,708,70,0
983,Aug 13 2019 19:28:54.608518000 MST,0.031047,290.494733,532,70,0
984,Aug 13 2019 19:28:54.645397000 MST,0.036879,290.531612,886,70,1
985,Aug 13 2019 19:28:54.668466000 MST,0.023069,290.554681,532,70,0
986,Aug 13 2019 19:28:54.727323000 MST,0.058857,290.613538,72,70,1
987,Aug 13 2019 19:28:55.170357000 MST,0.443034,291.056572,148,70,1
988,Aug 13 2019 19:28:55.208442000 MST,0.038085,291.094657,548,70,0
989,Aug 13 2019 19:28:55.272386000 MST,0.063944,291.158601,72,70,1
990,Aug 13 2019 19:28:56.228469000 MST,0.956083,292.114684,532,70,0
991,Aug 13 2019 19:28:56.292424000 MST,0.063955,292.178639,72,70,1
992,Aug 13 2019 19:28:57.068433000 MST,0.776009,292.954648,548,70,0
993,Aug 13 2019 19:28:57.132344000 MST,0.063911,293.018559,72,70,1
994,Aug 13 2019 19:29:00.088479000 MST,2.956135,295.974694,548,70,0
995,Aug 13 2019 19:29:00.152420000 MST,0.063941,296.038635,72,70,1
996,Aug 13 2019 19:29:02.108482000 MST,1.956062,297.994697,548,70,0
997,Aug 13 2019 19:29:02.172329000 MST,0.063847,298.058544,72,70,1
998,Aug 13 2019 19:29:04.128365000 MST,1.956036,300.01458,548,70,0
999,Aug 13 2019 19:29:04.192331000 MST,0.063966,300.078546,72,70,1
1000,Aug 13 2019 19:29:05.148428000 MST,0.956097,301.034643,548,70,0
1001,Aug 13 2019 19:29:05.160449000 MST,0.012021,301.046664,64,70,1
1002,Aug 13 2019 19:29:05.288423000 MST,0.127974,301.174638,548,70,0
1003,Aug 13 2019 19:29:05.300419000 MST,0.011996,301.186634,64,70,1
1004,Aug 13 2019 19:29:05.448474000 MST,0.148055,301.334689,532,70,0
1005,Aug 13 2019 19:29:05.460590000 MST,0.012116,301.346805,64,70,1
1006,Aug 13 2019 19:29:06.305327000 MST,0.844737,302.191542,148,70,1
1007,Aug 13 2019 19:29:06.348416000 MST,0.043089,302.234631,548,70,0
1008,Aug 13 2019 19:29:06.412333000 MST,0.063917,302.298548,72,70,1
1009,Aug 13 2019 19:29:06.728441000 MST,0.316108,302.614656,532,70,0
1010,Aug 13 2019 19:29:06.740498000 MST,0.012057,302.626713,64,70,1
1011,Aug 13 2019 19:29:07.768406000 MST,1.027908,303.654621,548,70,0
1012,Aug 13 2019 19:29:07.780472000 MST,0.012066,303.666687,64,70,1
1013,Aug 13 2019 19:29:08.908311000 MST,1.127839,304.794526,548,70,0
1014,Aug 13 2019 19:29:08.972322000 MST,0.064011,304.858537,72,70,1
1015,Aug 13 2019 19:29:10.908521000 MST,1.936199,306.794736,532,70,0
1016,Aug 13 2019 19:29:10.973311000 MST,0.06479,306.859526,1398,70,1
1017,Aug 13 2019 19:29:11.008367000 MST,0.035056,306.894582,548,70,0
1018,Aug 13 2019 19:29:11.017378000 MST,0.009011,306.903593,404,70,0
1019,Aug 13 2019 19:29:11.083347000 MST,0.065969,306.969562,886,70,1
1020,Aug 13 2019 19:29:11.108416000 MST,0.025069,306.994631,548,70,0
1021,Aug 13 2019 19:29:11.117357000 MST,0.008941,307.003572,1398,70,0
1022,Aug 13 2019 19:29:11.148403000 MST,0.031046,307.034618,548,70,0
1023,Aug 13 2019 19:29:11.182351000 MST,0.033948,307.068566,72,70,1
1024,Aug 13 2019 19:29:11.183242000 MST,0.000891,307.069457,886,70,1
1025,Aug 13 2019 19:29:11.228394000 MST,0.045152,307.114609,548,70,0
1026,Aug 13 2019 19:29:11.268317000 MST,0.039923,307.154532,72,70,1
1027,Aug 13 2019 19:29:13.228400000 MST,1.960083,309.114615,420,70,0
1028,Aug 13 2019 19:29:13.508376000 MST,0.279976,309.394591,548,70,0
1029,Aug 13 2019 19:29:13.617241000 MST,0.108865,309.503456,72,70,1
1030,Aug 13 2019 19:29:14.148357000 MST,0.531116,310.034572,548,70,0
1031,Aug 13 2019 19:29:14.212356000 MST,0.063999,310.098571,72,70,1
1032,Aug 13 2019 19:29:15.808442000 MST,1.596086,311.694657,532,70,0
1033,Aug 13 2019 19:29:15.872405000 MST,0.063963,311.75862,72,70,1
1034,Aug 13 2019 19:29:19.415311000 MST,3.542906,315.301526,148,70,1
1035,Aug 13 2019 19:29:19.448395000 MST,0.033084,315.33461,548,70,0
1036,Aug 13 2019 19:29:19.512365000 MST,0.06397,315.39858,72,70,1
1037,Aug 13 2019 19:29:23.448519000 MST,3.936154,319.334734,548,70,0
1038,Aug 13 2019 19:29:23.513436000 MST,0.064917,319.399651,72,70,1
1039,Aug 13 2019 19:29:23.668396000 MST,0.15496,319.554611,548,70,0
1040,Aug 13 2019 19:29:23.732369000 MST,0.063973,319.618584,72,70,1
1041,Aug 13 2019 19:29:25.578333000 MST,1.845964,321.464548,148,70,1
1042,Aug 13 2019 19:29:25.608422000 MST,0.030089,321.494637,548,70,0
1043,Aug 13 2019 19:29:25.672387000 MST,0.063965,321.558602,72,70,1
1044,Aug 13 2019 19:29:26.521387000 MST,0.849,322.407602,200,70,1
1045,Aug 13 2019 19:29:26.548517000 MST,0.02713,322.434732,548,70,0
1046,Aug 13 2019 19:29:26.560290000 MST,0.011773,322.446505,64,70,1
1047,Aug 13 2019 19:29:27.608851000 MST,1.048561,323.495066,548,70,0
1048,Aug 13 2019 19:29:27.674365000 MST,0.065514,323.56058,1254,70,1
1049,Aug 13 2019 19:29:27.708274000 MST,0.033909,323.594489,548,70,0
1050,Aug 13 2019 19:29:27.717273000 MST,0.008999,323.603488,268,70,0
1051,Aug 13 2019 19:29:27.785214000 MST,0.067941,323.671429,822,70,1
1052,Aug 13 2019 19:29:27.808372000 MST,0.023158,323.694587,548,70,0
1053,Aug 13 2019 19:29:27.817443000 MST,0.009071,323.703658,1398,70,0
1054,Aug 13 2019 19:29:27.848256000 MST,0.030813,323.734471,548,70,0
1055,Aug 13 2019 19:29:27.882278000 MST,0.034022,323.768493,72,70,1
1056,Aug 13 2019 19:29:27.884205000 MST,0.001927,323.77042,886,70,1
1057,Aug 13 2019 19:29:27.928295000 MST,0.04409,323.81451,548,70,0
1058,Aug 13 2019 19:29:27.962299000 MST,0.034004,323.848514,72,70,1
1059,Aug 13 2019 19:29:29.108412000 MST,1.146113,324.994627,548,70,0
1060,Aug 13 2019 19:29:29.172389000 MST,0.063977,325.058604,72,70,1
1061,Aug 13 2019 19:29:30.148274000 MST,0.975885,326.034489,548,70,0
1062,Aug 13 2019 19:29:30.212291000 MST,0.064017,326.098506,72,70,1
1063,Aug 13 2019 19:29:30.928465000 MST,0.716174,326.81468,548,70,0
1064,Aug 13 2019 19:29:30.941556000 MST,0.013091,326.827771,64,70,1
1065,Aug 13 2019 19:29:31.188399000 MST,0.246843,327.074614,548,70,0
1066,Aug 13 2019 19:29:31.200277000 MST,0.011878,327.086492,64,70,1
1067,Aug 13 2019 19:29:35.032393000 MST,3.832116,330.918608,64,70,1
1068,Aug 13 2019 19:29:35.088365000 MST,0.055972,330.97458,548,70,0
1069,Aug 13 2019 19:29:35.102343000 MST,0.013978,330.988558,208,70,1
1070,Aug 13 2019 19:29:35.148314000 MST,0.045971,331.034529,548,70,0
1071,Aug 13 2019 19:29:35.160351000 MST,0.012037,331.046566,148,70,1
1072,Aug 13 2019 19:29:35.188416000 MST,0.028065,331.074631,548,70,0
1073,Aug 13 2019 19:29:35.197419000 MST,0.009003,331.083634,500,70,0
1074,Aug 13 2019 19:29:35.210370000 MST,0.012951,331.096585,128,70,1
1075,Aug 13 2019 19:29:35.211196000 MST,0.000826,331.097411,160,70,1
1076,Aug 13 2019 19:29:35.213322000 MST,0.002126,331.099537,240,70,1
1077,Aug 13 2019 19:29:35.248397000 MST,0.035075,331.134612,548,70,0
1078,Aug 13 2019 19:29:35.300357000 MST,0.05196,331.186572,72,70,1
1079,Aug 13 2019 19:29:35.328392000 MST,0.028035,331.214607,548,70,0
1080,Aug 13 2019 19:29:35.341258000 MST,0.012866,331.227473,308,70,1
1081,Aug 13 2019 19:29:35.408388000 MST,0.06713,331.294603,548,70,0
1082,Aug 13 2019 19:29:35.516224000 MST,0.107836,331.402439,148,70,1
1083,Aug 13 2019 19:29:35.548394000 MST,0.03217,331.434609,548,70,0
1084,Aug 13 2019 19:29:35.612199000 MST,0.063805,331.498414,72,70,1
1085,Aug 13 2019 19:29:40.108416000 MST,4.496217,335.994631,548,70,0
1086,Aug 13 2019 19:29:40.117412000 MST,0.008996,336.003627,88,70,0
1087,Aug 13 2019 19:29:41.108342000 MST,0.99093,336.994557,548,70,0
1088,Aug 13 2019 19:29:42.568487000 MST,1.460145,338.454702,548,70,0
1089,Aug 13 2019 19:29:42.632231000 MST,0.063744,338.518446,72,70,1
1090,Aug 13 2019 19:29:43.148290000 MST,0.516059,339.034505,548,70,0
1091,Aug 13 2019 19:29:44.568455000 MST,1.420165,340.45467,548,70,0
1092,Aug 13 2019 19:29:44.633282000 MST,0.064827,340.519497,1254,70,1
1093,Aug 13 2019 19:29:44.668387000 MST,0.035105,340.554602,548,70,0
1094,Aug 13 2019 19:29:44.677314000 MST,0.008927,340.563529,56,70,0
1095,Aug 13 2019 19:29:44.686372000 MST,0.009058,340.572587,340,70,0
1096,Aug 13 2019 19:29:44.742217000 MST,0.055845,340.628432,822,70,1
1097,Aug 13 2019 19:29:44.768399000 MST,0.026182,340.654614,548,70,0
1098,Aug 13 2019 19:29:44.777294000 MST,0.008895,340.663509,1158,70,0
1099,Aug 13 2019 19:29:44.808311000 MST,0.031017,340.694526,548,70,0
1100,Aug 13 2019 19:29:44.842343000 MST,0.034032,340.728558,72,70,1
1101,Aug 13 2019 19:29:44.844290000 MST,0.001947,340.730505,886,70,1
1102,Aug 13 2019 19:29:44.888358000 MST,0.044068,340.774573,548,70,0
1103,Aug 13 2019 19:29:44.928199000 MST,0.039841,340.814414,72,70,1
1104,Aug 13 2019 19:29:45.261208000 MST,0.333009,341.147423,148,70,1
1105,Aug 13 2019 19:29:45.288219000 MST,0.027011,341.174434,548,70,0
1106,Aug 13 2019 19:29:45.352223000 MST,0.064004,341.238438,72,70,1
1107,Aug 13 2019 19:29:47.208441000 MST,1.856218,343.094656,548,70,0
1108,Aug 13 2019 19:29:48.028369000 MST,0.819928,343.914584,548,70,0
1109,Aug 13 2019 19:29:48.040366000 MST,0.011997,343.926581,64,70,1
1110,Aug 13 2019 19:29:55.308272000 MST,7.267906,351.194487,548,70,0
1111,Aug 13 2019 19:29:57.541146000 MST,2.232874,353.427361,148,70,1
1112,Aug 13 2019 19:29:57.568381000 MST,0.027235,353.454596,548,70,0
1113,Aug 13 2019 19:29:57.633254000 MST,0.064873,353.519469,72,70,1
1114,Aug 13 2019 19:30:01.588248000 MST,3.954994,357.474463,548,70,0
1115,Aug 13 2019 19:30:01.653279000 MST,0.065031,357.539494,1158,70,1
1116,Aug 13 2019 19:30:01.688340000 MST,0.035061,357.574555,548,70,0
1117,Aug 13 2019 19:30:01.697374000 MST,0.009034,357.583589,140,70,0
1118,Aug 13 2019 19:30:01.763286000 MST,0.065912,357.649501,1158,70,1
1119,Aug 13 2019 19:30:01.788495000 MST,0.025209,357.67471,548,70,0
1120,Aug 13 2019 19:30:01.797238000 MST,0.008743,357.683453,660,70,0
1121,Aug 13 2019 19:30:01.848370000 MST,0.051132,357.734585,548,70,0
1122,Aug 13 2019 19:30:01.864225000 MST,0.015855,357.75044,886,70,1
1123,Aug 13 2019 19:30:01.888246000 MST,0.024021,357.774461,548,70,0
1124,Aug 13 2019 19:30:02.188267000 MST,0.300021,358.074482,548,70,0
1125,Aug 13 2019 19:30:02.252305000 MST,0.064038,358.13852,88,70,1
1126,Aug 13 2019 19:30:06.848384000 MST,4.596079,362.734599,548,70,0
1127,Aug 13 2019 19:30:06.912141000 MST,0.063757,362.798356,72,70,1
1128,Aug 13 2019 19:30:08.128304000 MST,1.216163,364.014519,548,70,0
1129,Aug 13 2019 19:30:08.197261000 MST,0.068957,364.083476,72,70,1
1130,Aug 13 2019 19:30:11.428317000 MST,3.231056,367.314532,548,70,0
1131,Aug 13 2019 19:30:11.493194000 MST,0.064877,367.379409,72,70,1
1132,Aug 13 2019 19:30:11.528194000 MST,0.035,367.414409,548,70,0
1133,Aug 13 2019 19:30:14.948183000 MST,3.419989,370.834398,548,70,0
1134,Aug 13 2019 19:30:15.054234000 MST,0.106051,370.940449,72,70,1
1135,Aug 13 2019 19:30:17.768270000 MST,2.714036,373.654485,548,70,0
1136,Aug 13 2019 19:30:17.832270000 MST,0.064,373.718485,72,70,1
1137,Aug 13 2019 19:30:18.768379000 MST,0.936109,374.654594,548,70,0
1138,Aug 13 2019 19:30:18.833223000 MST,0.064844,374.719438,822,70,1
1139,Aug 13 2019 19:30:18.868367000 MST,0.035144,374.754582,548,70,0
1140,Aug 13 2019 19:30:18.877184000 MST,0.008817,374.763399,372,70,0
1141,Aug 13 2019 19:30:18.942265000 MST,0.065081,374.82848,612,70,1
1142,Aug 13 2019 19:30:18.968280000 MST,0.026015,374.854495,548,70,0
1143,Aug 13 2019 19:30:18.988331000 MST,0.020051,374.874546,548,70,0
1144,Aug 13 2019 19:30:18.997365000 MST,0.009034,374.88358,1398,70,0
1145,Aug 13 2019 19:30:19.063261000 MST,0.065896,374.949476,72,70,1
1146,Aug 13 2019 19:30:19.064125000 MST,0.000864,374.95034,886,70,1
1147,Aug 13 2019 19:30:19.108250000 MST,0.044125,374.994465,548,70,0
1148,Aug 13 2019 19:30:20.408236000 MST,1.299986,376.294451,548,70,0
1149,Aug 13 2019 19:30:20.513214000 MST,0.104978,376.399429,72,70,1
1150,Aug 13 2019 19:30:21.408218000 MST,0.895004,377.294433,548,70,0
1151,Aug 13 2019 19:30:21.472201000 MST,0.063983,377.358416,72,70,1
1152,Aug 13 2019 19:30:28.115192000 MST,6.642991,384.001407,148,70,1
1153,Aug 13 2019 19:30:28.148402000 MST,0.03321,384.034617,548,70,0
1154,Aug 13 2019 19:30:28.213144000 MST,0.064742,384.099359,72,70,1
1155,Aug 13 2019 19:30:30.436195000 MST,2.223051,386.32241,148,70,1
1156,Aug 13 2019 19:30:30.468175000 MST,0.03198,386.35439,548,70,0
1157,Aug 13 2019 19:30:30.532181000 MST,0.064006,386.418396,72,70,1
1158,Aug 13 2019 19:30:35.488247000 MST,4.956066,391.374462,548,70,0
1159,Aug 13 2019 19:30:35.553165000 MST,0.064918,391.43938,982,70,1
1160,Aug 13 2019 19:30:35.588364000 MST,0.035199,391.474579,532,70,0
1161,Aug 13 2019 19:30:35.630405000 MST,0.042041,391.51662,192,70,0
1162,Aug 13 2019 19:30:35.908193000 MST,0.277788,391.794408,532,70,0
1163,Aug 13 2019 19:30:35.917200000 MST,0.009007,391.803415,56,70,0
1164,Aug 13 2019 19:30:36.020133000 MST,0.102933,391.906348,708,70,1
1165,Aug 13 2019 19:30:36.048234000 MST,0.028101,391.934449,172,70,0
1166,Aug 13 2019 19:30:36.108142000 MST,0.059908,391.994357,548,70,0
1167,Aug 13 2019 19:30:36.125219000 MST,0.017077,392.011434,300,70,0
1168,Aug 13 2019 19:30:36.216196000 MST,0.090977,392.102411,232,70,1
1169,Aug 13 2019 19:30:36.288240000 MST,0.072044,392.174455,548,70,0
1170,Aug 13 2019 19:30:36.388142000 MST,0.099902,392.274357,548,70,0
1171,Aug 13 2019 19:30:36.397178000 MST,0.009036,392.283393,660,70,0
1172,Aug 13 2019 19:30:36.463123000 MST,0.065945,392.349338,148,70,1
1173,Aug 13 2019 19:30:36.488206000 MST,0.025083,392.374421,548,70,0
1174,Aug 13 2019 19:30:38.268190000 MST,1.779984,394.154405,548,70,0
1175,Aug 13 2019 19:30:38.380139000 MST,0.111949,394.266354,72,70,1
1176,Aug 13 2019 19:30:41.288212000 MST,2.908073,397.174427,548,70,0
1177,Aug 13 2019 19:30:41.352217000 MST,0.064005,397.238432,72,70,1
1178,Aug 13 2019 19:30:43.948254000 MST,2.596037,399.834469,548,70,0
1179,Aug 13 2019 19:30:52.328187000 MST,8.379933,408.214402,548,70,0
1180,Aug 13 2019 19:30:52.393149000 MST,0.064962,408.279364,1078,70,1
1181,Aug 13 2019 19:30:52.428174000 MST,0.035025,408.314389,532,70,0
1182,Aug 13 2019 19:30:52.437178000 MST,0.009004,408.323393,72,70,0
1183,Aug 13 2019 19:30:52.502108000 MST,0.06493,408.388323,388,70,1
1184,Aug 13 2019 19:30:52.528249000 MST,0.026141,408.414464,548,70,0
1185,Aug 13 2019 19:30:52.537082000 MST,0.008833,408.423297,500,70,0
1186,Aug 13 2019 19:30:52.603050000 MST,0.065968,408.489265,886,70,1
1187,Aug 13 2019 19:30:52.628201000 MST,0.025151,408.514416,532,70,0
1188,Aug 13 2019 19:30:56.308245000 MST,3.680044,412.19446,532,70,0
1189,Aug 13 2019 19:30:56.418194000 MST,0.109949,412.304409,72,70,1
1190,Aug 13 2019 19:30:57.728187000 MST,1.309993,413.614402,548,70,0
1191,Aug 13 2019 19:30:57.792213000 MST,0.064026,413.678428,72,70,1
1192,Aug 13 2019 19:31:00.196191000 MST,2.403978,416.082406,148,70,1
1193,Aug 13 2019 19:31:00.228174000 MST,0.031983,416.114389,548,70,0
1194,Aug 13 2019 19:31:00.336176000 MST,0.108002,416.222391,72,70,1
1195,Aug 13 2019 19:31:01.228192000 MST,0.892016,417.114407,548,70,0
1196,Aug 13 2019 19:31:01.292193000 MST,0.064001,417.178408,72,70,1
1197,Aug 13 2019 19:31:09.268099000 MST,7.975906,425.154314,564,70,0
1198,Aug 13 2019 19:31:09.333156000 MST,0.065057,425.219371,660,70,1
1199,Aug 13 2019 19:31:09.408112000 MST,0.074956,425.294327,420,70,0
1200,Aug 13 2019 19:31:09.728185000 MST,0.320073,425.6144,564,70,0
1201,Aug 13 2019 19:31:10.008177000 MST,0.279992,425.894392,532,70,0
1202,Aug 13 2019 19:31:10.117026000 MST,0.108849,426.003241,532,70,1
1203,Aug 13 2019 19:31:10.148182000 MST,0.031156,426.034397,564,70,0
1204,Aug 13 2019 19:31:10.208147000 MST,0.059965,426.094362,420,70,0
1205,Aug 13 2019 19:31:10.250253000 MST,0.042106,426.136468,420,70,0
1206,Aug 13 2019 19:31:10.251171000 MST,0.000918,426.137386,56,70,0
1207,Aug 13 2019 19:31:10.488158000 MST,0.236987,426.374373,564,70,0
1208,Aug 13 2019 19:31:10.505282000 MST,0.017124,426.391497,886,70,0
1209,Aug 13 2019 19:31:10.600244000 MST,0.094962,426.486459,886,70,1
1210,Aug 13 2019 19:31:10.628108000 MST,0.027864,426.514323,548,70,0
1211,Aug 13 2019 19:31:12.208145000 MST,1.580037,428.09436,564,70,0
1212,Aug 13 2019 19:31:12.314184000 MST,0.106039,428.200399,72,70,1
1213,Aug 13 2019 19:31:14.228181000 MST,1.913997,430.114396,548,70,0
1214,Aug 13 2019 19:31:14.292137000 MST,0.063956,430.178352,72,70,1
1215,Aug 13 2019 19:31:20.248212000 MST,5.956075,436.134427,548,70,0
1216,Aug 13 2019 19:31:20.312013000 MST,0.063801,436.198228,72,70,1
1217,Aug 13 2019 19:31:20.688233000 MST,0.37622,436.574448,548,70,0
1218,Aug 13 2019 19:31:20.752013000 MST,0.06378,436.638228,72,70,1
1219,Aug 13 2019 19:31:25.668124000 MST,4.916111,441.554339,548,70,0
1220,Aug 13 2019 19:31:25.732123000 MST,0.063999,441.618338,72,70,1
1221,Aug 13 2019 19:31:26.668177000 MST,0.936054,442.554392,548,70,0
1222,Aug 13 2019 19:31:26.732164000 MST,0.063987,442.618379,822,70,1
1223,Aug 13 2019 19:31:26.733094000 MST,0.00093,442.619309,88,70,1
1224,Aug 13 2019 19:31:26.768190000 MST,0.035096,442.654405,548,70,0
1225,Aug 13 2019 19:31:26.777028000 MST,0.008838,442.663243,112,70,0
1226,Aug 13 2019 19:31:26.842163000 MST,0.065135,442.728378,612,70,1
1227,Aug 13 2019 19:31:26.868086000 MST,0.025923,442.754301,548,70,0
1228,Aug 13 2019 19:31:26.888132000 MST,0.020046,442.774347,548,70,0
1229,Aug 13 2019 19:31:26.897237000 MST,0.009105,442.783452,1158,70,0
1230,Aug 13 2019 19:31:26.962065000 MST,0.064828,442.84828,72,70,1
1231,Aug 13 2019 19:31:26.963135000 MST,0.00107,442.84935,886,70,1
1232,Aug 13 2019 19:31:27.008083000 MST,0.044948,442.894298,548,70,0
1233,Aug 13 2019 19:31:32.515988000 MST,5.507905,448.402203,148,70,1
1234,Aug 13 2019 19:31:32.548190000 MST,0.032202,448.434405,548,70,0
1235,Aug 13 2019 19:31:32.613050000 MST,0.06486,448.499265,72,70,1
1236,Aug 13 2019 19:31:34.848126000 MST,2.235076,450.734341,548,70,0
1237,Aug 13 2019 19:31:34.957101000 MST,0.108975,450.843316,72,70,1
1238,Aug 13 2019 19:31:39.868088000 MST,4.910987,455.754303,548,70,0
1239,Aug 13 2019 19:31:39.932047000 MST,0.063959,455.818262,72,70,1
1240,Aug 13 2019 19:31:40.518955000 MST,0.586908,456.40517,148,70,1
1241,Aug 13 2019 19:31:40.668128000 MST,0.149173,456.554343,548,70,0
1242,Aug 13 2019 19:31:40.828066000 MST,0.159938,456.714281,148,70,1
1243,Aug 13 2019 19:31:40.868030000 MST,0.039964,456.754245,532,70,0
1244,Aug 13 2019 19:31:40.888083000 MST,0.020053,456.774298,548,70,0
1245,Aug 13 2019 19:31:40.976063000 MST,0.08798,456.862278,72,70,1
1246,Aug 13 2019 19:31:43.568094000 MST,2.592031,459.454309,532,70,0
1247,Aug 13 2019 19:31:43.633072000 MST,0.064978,459.519287,1046,70,1
1248,Aug 13 2019 19:31:43.668126000 MST,0.035054,459.554341,532,70,0
1249,Aug 13 2019 19:31:43.677137000 MST,0.009011,459.563352,56,70,0
1250,Aug 13 2019 19:31:43.686157000 MST,0.00902,459.572372,332,70,0
1251,Aug 13 2019 19:31:43.742008000 MST,0.055851,459.628223,764,70,1
1252,Aug 13 2019 19:31:43.768151000 MST,0.026143,459.654366,532,70,0
1253,Aug 13 2019 19:31:43.776990000 MST,0.008839,459.663205,356,70,0
1254,Aug 13 2019 19:31:43.808038000 MST,0.031048,459.694253,548,70,0
1255,Aug 13 2019 19:31:43.842076000 MST,0.034038,459.728291,886,70,1
1256,Aug 13 2019 19:31:43.868111000 MST,0.026035,459.754326,532,70,0
1257,Aug 13 2019 19:31:43.927975000 MST,0.059864,459.81419,72,70,1
1258,Aug 13 2019 19:31:44.828249000 MST,0.900274,460.714464,532,70,0
1259,Aug 13 2019 19:31:44.892121000 MST,0.063872,460.778336,72,70,1
1260,Aug 13 2019 19:31:48.808058000 MST,3.915937,464.694273,548,70,0
1261,Aug 13 2019 19:31:48.820979000 MST,0.012921,464.707194,88,70,1
1262,Aug 13 2019 19:31:48.848142000 MST,0.027163,464.734357,548,70,0
1263,Aug 13 2019 19:31:48.848169000 MST,0.000027,464.734384,148,70,1
1264,Aug 13 2019 19:31:48.861042000 MST,0.012873,464.747257,72,70,1
1265,Aug 13 2019 19:31:48.888155000 MST,0.027113,464.77437,548,70,0
1266,Aug 13 2019 19:31:48.889124000 MST,0.000969,464.775339,2688,70,1
1267,Aug 13 2019 19:31:48.891064000 MST,0.00194,464.777279,420,70,1
1268,Aug 13 2019 19:31:48.908133000 MST,0.017069,464.794348,532,70,0
1269,Aug 13 2019 19:31:48.928018000 MST,0.019885,464.814233,548,70,0
1270,Aug 13 2019 19:31:48.928997000 MST,0.000979,464.815212,88,70,1
1271,Aug 13 2019 19:31:48.941073000 MST,0.012076,464.827288,364,70,1
1272,Aug 13 2019 19:31:48.948068000 MST,0.006995,464.834283,548,70,0
1273,Aug 13 2019 19:31:48.957061000 MST,0.008993,464.843276,128,70,0
1274,Aug 13 2019 19:31:48.966117000 MST,0.009056,464.852332,404,70,0
1275,Aug 13 2019 19:31:48.975021000 MST,0.008904,464.861236,660,70,0
1276,Aug 13 2019 19:31:48.998015000 MST,0.022994,464.88423,72,70,1
1277,Aug 13 2019 19:31:48.999079000 MST,0.001064,464.885294,232,70,1
1278,Aug 13 2019 19:31:49.023038000 MST,0.023959,464.909253,500,70,1
1279,Aug 13 2019 19:31:49.024113000 MST,0.001075,464.910328,176,70,1
1280,Aug 13 2019 19:31:49.028081000 MST,0.003968,464.914296,548,70,0
1281,Aug 13 2019 19:31:49.048074000 MST,0.019993,464.934289,548,70,0
1282,Aug 13 2019 19:31:49.060015000 MST,0.011941,464.94623,88,70,1
1283,Aug 13 2019 19:31:49.073078000 MST,0.013063,464.959293,72,70,1
1284,Aug 13 2019 19:31:49.088019000 MST,0.014941,464.974234,548,70,0
1285,Aug 13 2019 19:31:49.097064000 MST,0.009045,464.983279,660,70,0
1286,Aug 13 2019 19:31:49.110012000 MST,0.012948,464.996227,72,70,1
1287,Aug 13 2019 19:31:49.136082000 MST,0.02607,465.022297,3557,70,1
1288,Aug 13 2019 19:31:49.136959000 MST,0.000877,465.023174,660,70,1
1289,Aug 13 2019 19:31:49.138025000 MST,0.001066,465.02424,160,70,1
1290,Aug 13 2019 19:31:49.152042000 MST,0.014017,465.038257,388,70,1
1291,Aug 13 2019 19:31:49.168059000 MST,0.016017,465.054274,548,70,0
1292,Aug 13 2019 19:31:49.208164000 MST,0.040105,465.094379,548,70,0
1293,Aug 13 2019 19:31:49.217101000 MST,0.008937,465.103316,1707,70,0
1294,Aug 13 2019 19:31:49.218044000 MST,0.000943,465.104259,140,70,0
1295,Aug 13 2019 19:31:49.221052000 MST,0.003008,465.107267,950,70,1
1296,Aug 13 2019 19:31:49.229057000 MST,0.008005,465.115272,148,70,1
1297,Aug 13 2019 19:31:49.248085000 MST,0.019028,465.1343,548,70,0
1298,Aug 13 2019 19:31:49.260109000 MST,0.012024,465.146324,88,70,1
1299,Aug 13 2019 19:31:49.262058000 MST,0.001949,465.148273,1446,70,1
1300,Aug 13 2019 19:31:49.263100000 MST,0.001042,465.149315,256,70,1
1301,Aug 13 2019 19:31:49.308034000 MST,0.044934,465.194249,548,70,0
1302,Aug 13 2019 19:31:49.323984000 MST,0.01595,465.210199,72,70,1
1303,Aug 13 2019 19:31:49.388087000 MST,0.064103,465.274302,548,70,0
1304,Aug 13 2019 19:31:49.436986000 MST,0.048899,465.323201,308,70,1
1305,Aug 13 2019 19:31:49.468092000 MST,0.031106,465.354307,548,70,0
1306,Aug 13 2019 19:31:49.506002000 MST,0.03791,465.392217,308,70,1
1307,Aug 13 2019 19:31:49.568161000 MST,0.062159,465.454376,548,70,0
1308,Aug 13 2019 19:31:49.608089000 MST,0.039928,465.494304,548,70,0
1309,Aug 13 2019 19:31:49.620152000 MST,0.012063,465.506367,88,70,1
1310,Aug 13 2019 19:31:49.647073000 MST,0.026921,465.533288,308,70,1
1311,Aug 13 2019 19:31:49.648023000 MST,0.00095,465.534238,548,70,0
1312,Aug 13 2019 19:31:49.668064000 MST,0.020041,465.554279,548,70,0
1313,Aug 13 2019 19:31:49.677072000 MST,0.009008,465.563287,128,70,0
1314,Aug 13 2019 19:31:49.686151000 MST,0.009079,465.572366,404,70,0
1315,Aug 13 2019 19:31:49.690040000 MST,0.003889,465.576255,72,70,1
1316,Aug 13 2019 19:31:49.695018000 MST,0.004978,465.581233,660,70,0
1317,Aug 13 2019 19:31:49.704078000 MST,0.00906,465.590293,500,70,0
1318,Aug 13 2019 19:31:49.716086000 MST,0.012008,465.602301,3557,70,1
1319,Aug 13 2019 19:31:49.717014000 MST,0.000928,465.603229,708,70,1
1320,Aug 13 2019 19:31:49.743948000 MST,0.026934,465.630163,88,70,1
1321,Aug 13 2019 19:31:49.748081000 MST,0.004133,465.634296,548,70,0
1322,Aug 13 2019 19:31:49.757116000 MST,0.009035,465.643331,660,70,0
1323,Aug 13 2019 19:31:49.770066000 MST,0.01295,465.656281,72,70,1
1324,Aug 13 2019 19:31:49.798069000 MST,0.028003,465.684284,3437,70,1
1325,Aug 13 2019 19:31:49.801074000 MST,0.003005,465.687289,72,70,1
1326,Aug 13 2019 19:31:49.801955000 MST,0.000881,465.68817,216,70,1
1327,Aug 13 2019 19:31:49.808073000 MST,0.006118,465.694288,548,70,0
1328,Aug 13 2019 19:31:49.820098000 MST,0.012025,465.706313,660,70,1
1329,Aug 13 2019 19:31:49.820929000 MST,0.000831,465.707144,216,70,1
1330,Aug 13 2019 19:31:49.828121000 MST,0.007192,465.714336,548,70,0
1331,Aug 13 2019 19:31:49.848124000 MST,0.020003,465.734339,548,70,0
1332,Aug 13 2019 19:31:49.856973000 MST,0.008849,465.743188,208,70,0
1333,Aug 13 2019 19:31:49.861036000 MST,0.004063,465.747251,708,70,1
1334,Aug 13 2019 19:31:49.862118000 MST,0.001082,465.748333,108,70,1
1335,Aug 13 2019 19:31:49.864094000 MST,0.001976,465.750309,72,70,1
1336,Aug 13 2019 19:31:49.866046000 MST,0.001952,465.752261,500,70,0
1337,Aug 13 2019 19:31:49.869030000 MST,0.002984,465.755245,200,70,1
1338,Aug 13 2019 19:31:49.878084000 MST,0.009054,465.764299,72,70,1
1339,Aug 13 2019 19:31:49.888047000 MST,0.009963,465.774262,548,70,0
1340,Aug 13 2019 19:31:49.897225000 MST,0.009178,465.78344,1707,70,0
1341,Aug 13 2019 19:31:49.898058000 MST,0.000833,465.784273,1707,70,0
1342,Aug 13 2019 19:31:49.899080000 MST,0.001022,465.785295,660,70,0
1343,Aug 13 2019 19:31:49.905039000 MST,0.005959,465.791254,72,70,1
1344,Aug 13 2019 19:31:49.906070000 MST,0.001031,465.792285,1707,70,0
1345,Aug 13 2019 19:31:49.907174000 MST,0.001104,465.793389,1707,70,0
1346,Aug 13 2019 19:31:49.910108000 MST,0.002934,465.796323,308,70,1
1347,Aug 13 2019 19:31:49.911098000 MST,0.00099,465.797313,72,70,1
1348,Aug 13 2019 19:31:49.938095000 MST,0.026997,465.82431,2688,70,1
1349,Aug 13 2019 19:31:49.940075000 MST,0.00198,465.82629,660,70,1
1350,Aug 13 2019 19:31:49.968078000 MST,0.028003,465.854293,548,70,0
1351,Aug 13 2019 19:31:49.977992000 MST,0.009914,465.864207,1350,70,1
1352,Aug 13 2019 19:31:49.988118000 MST,0.010126,465.874333,548,70,0
1353,Aug 13 2019 19:31:49.996967000 MST,0.008849,465.883182,208,70,0
1354,Aug 13 2019 19:31:50.001017000 MST,0.00405,465.887232,764,70,1
1355,Aug 13 2019 19:31:50.006064000 MST,0.005047,465.892279,500,70,0
1356,Aug 13 2019 19:31:50.012051000 MST,0.005987,465.898266,1542,70,1
1357,Aug 13 2019 19:31:50.013059000 MST,0.001008,465.899274,1350,70,1
1358,Aug 13 2019 19:31:50.013989000 MST,0.00093,465.900204,2688,70,1
1359,Aug 13 2019 19:31:50.015962000 MST,0.001973,465.902177,1350,70,1
1360,Aug 13 2019 19:31:50.016963000 MST,0.001001,465.903178,1078,70,1
1361,Aug 13 2019 19:31:50.018063000 MST,0.0011,465.904278,216,70,1
1362,Aug 13 2019 19:31:50.028048000 MST,0.009985,465.914263,548,70,0
1363,Aug 13 2019 19:31:50.036002000 MST,0.007954,465.922217,420,70,1
1364,Aug 13 2019 19:31:50.037017000 MST,0.001015,465.923232,200,70,1
1365,Aug 13 2019 19:31:50.048117000 MST,0.0111,465.934332,548,70,0
1366,Aug 13 2019 19:31:50.068140000 MST,0.020023,465.954355,548,70,0
1367,Aug 13 2019 19:31:50.080047000 MST,0.011907,465.966262,72,70,1
1368,Aug 13 2019 19:31:50.088030000 MST,0.007983,465.974245,548,70,0
1369,Aug 13 2019 19:31:50.120981000 MST,0.032951,466.007196,72,70,1
1370,Aug 13 2019 19:31:53.828135000 MST,3.707154,469.71435,548,70,0
1371,Aug 13 2019 19:31:58.888046000 MST,5.059911,474.774261,548,70,0
1372,Aug 13 2019 19:31:59.188139000 MST,0.300093,475.074354,548,70,0
1373,Aug 13 2019 19:31:59.507998000 MST,0.319859,475.394213,548,70,0
